Boost,Seed,At Slot,Blocks,Slots,From Weight,To Weight
0.000,14191,61,1,4,11,12
0.000,14191,61,1,4,11,12
0.000,14191,61,1,4,11,12
0.000,14191,61,1,4,11,12
0.000,14191,61,1,4,11,12
0.000,14191,107,1,2,26,27
0.000,14191,112,1,4,28,29
0.000,14191,61,1,4,11,12
0.000,14191,61,1,4,11,12
0.000,14191,138,1,1,34,35
0.000,14191,107,1,2,26,27
0.000,14191,24,1,7,3,4
0.000,14191,61,1,4,11,12
0.000,14191,61,1,4,11,12
0.000,14191,61,1,4,11,12
0.000,14191,61,1,4,11,12
0.000,14191,24,1,7,3,4
0.000,14191,138,1,1,34,35
0.000,14191,107,1,2,26,27
0.000,14191,24,1,7,3,4
0.000,14191,107,1,2,26,27
0.000,14191,337,1,2,83,84
0.000,14191,107,1,2,26,27
0.000,14191,24,1,7,3,4
0.000,14191,337,1,2,83,84
0.000,14191,61,1,4,11,12
0.000,14191,61,1,4,11,12
0.000,14191,61,1,4,11,12
0.000,14191,61,1,4,11,12
0.000,14191,61,1,4,11,12
0.000,14191,61,1,4,11,12
0.000,14191,61,1,4,11,12
0.000,14191,115,1,6,29,30
0.000,14191,115,1,6,29,30
0.000,14191,107,1,2,26,27
0.000,14191,61,1,4,11,12
0.000,14191,24,1,7,3,4
0.000,14191,138,1,1,34,35
0.000,14191,61,1,4,11,12
0.000,14191,115,1,6,29,30
0.000,14191,115,1,6,29,30
0.000,14191,61,1,4,11,12
0.000,14191,138,1,1,34,35
0.000,14191,138,1,1,34,35
0.000,14191,24,1,7,3,4
0.000,14191,61,1,4,11,12
0.000,14191,61,1,4,11,12
0.000,14191,115,1,6,29,30
0.000,14191,61,1,4,11,12
0.000,14191,61,1,4,11,12
0.000,14191,61,1,4,11,12
0.000,14191,61,1,4,11,12
0.000,14191,61,1,4,11,12
0.000,14191,61,1,4,11,12
0.000,14191,61,1,4,11,12
0.000,14191,61,1,4,11,12
0.000,14191,107,1,2,26,27
0.000,14191,61,1,4,11,12
0.000,14191,107,1,2,26,27
0.000,14191,112,1,4,28,29
0.000,14191,61,1,4,11,12
0.000,14191,61,1,4,11,12
0.000,14191,61,1,4,11,12
0.000,14191,61,1,4,11,12
0.000,14191,115,1,6,29,30
0.000,14191,115,1,6,29,30
0.000,14191,24,1,7,3,4
0.000,14191,61,1,4,11,12
0.000,14191,115,1,6,29,30
0.000,14191,112,1,4,28,29
0.000,14191,115,1,6,29,30
0.000,14191,61,1,4,11,12
0.000,14191,138,1,1,34,35
0.000,14191,107,1,2,26,27
0.000,14191,107,1,2,26,27
0.000,14191,24,1,7,3,4
0.000,14191,138,1,1,34,35
0.000,14191,115,1,6,29,30
0.000,14191,115,1,6,29,30
0.000,14191,24,1,7,3,4
0.000,14191,61,1,4,11,12
0.000,14191,138,1,1,34,35
0.000,14191,115,1,6,29,30
0.000,14191,138,1,1,34,35
0.000,14191,61,1,4,11,12
0.000,14191,138,1,1,34,35
0.000,14191,61,1,4,11,12
0.000,14191,61,1,4,11,12
0.000,14191,61,1,4,11,12
0.000,14191,61,1,4,11,12
0.000,14191,138,1,1,34,35
0.000,14191,138,1,1,34,35
0.000,14191,107,1,2,26,27
0.000,14191,138,1,1,34,35
0.000,14191,24,1,7,3,4
0.000,14191,61,1,4,11,12
0.005,2145,169,1,4,32.33,33.33
0.005,2145,39,1,5,10.079999999999998,11.079999999999998
0.005,2145,169,1,4,32.33,33.33
0.005,2145,39,1,5,10.079999999999998,11.079999999999998
0.005,2145,169,1,4,32.33,33.33
0.005,2145,39,1,5,10.079999999999998,11.079999999999998
0.005,2145,39,1,5,10.079999999999998,11.079999999999998
0.005,2145,39,1,5,10.079999999999998,11.079999999999998
0.005,2145,39,1,5,10.079999999999998,11.079999999999998
0.005,2145,39,1,5,10.079999999999998,11.079999999999998
0.005,2145,39,1,5,10.079999999999998,11.079999999999998
0.005,2145,39,1,5,10.079999999999998,11.079999999999998
0.005,2145,169,1,4,32.33,33.33
0.005,2145,39,1,5,10.079999999999998,11.079999999999998
0.005,2145,39,1,5,10.079999999999998,11.079999999999998
0.005,2145,169,1,4,32.33,33.33
0.005,2145,39,1,5,10.079999999999998,11.079999999999998
0.005,2145,198,1,2,40.39,41.455
0.005,2145,198,1,2,40.39,41.455
0.005,2145,232,1,1,45.54,46.54
0.005,2145,39,1,5,10.079999999999998,11.079999999999998
0.005,2145,39,1,5,10.079999999999998,11.079999999999998
0.005,2145,39,1,5,10.079999999999998,11.079999999999998
0.005,2145,39,1,5,10.079999999999998,11.079999999999998
0.005,2145,39,1,5,10.079999999999998,11.079999999999998
0.005,2145,39,1,5,10.079999999999998,11.079999999999998
0.005,2145,39,1,5,10.079999999999998,11.079999999999998
0.005,2145,169,1,4,32.33,33.33
0.005,2145,39,1,5,10.079999999999998,11.079999999999998
0.005,2145,39,1,5,10.079999999999998,11.079999999999998
0.005,2145,39,1,5,10.079999999999998,11.079999999999998
0.005,2145,39,1,5,10.079999999999998,11.079999999999998
0.005,2145,39,1,5,10.079999999999998,11.079999999999998
0.005,2145,169,1,4,32.33,33.33
0.005,2145,39,1,5,10.079999999999998,11.079999999999998
0.005,2145,39,1,5,10.079999999999998,11.079999999999998
0.005,2145,39,1,5,10.079999999999998,11.079999999999998
0.005,2145,39,1,5,10.079999999999998,11.079999999999998
0.005,2145,39,1,5,10.079999999999998,11.079999999999998
0.005,2145,39,1,5,10.079999999999998,11.079999999999998
0.005,2145,39,1,5,10.079999999999998,11.079999999999998
0.005,2145,169,1,4,32.33,33.33
0.005,2145,39,1,5,10.079999999999998,11.079999999999998
0.005,2145,39,1,5,10.079999999999998,11.079999999999998
0.005,2145,39,1,5,10.079999999999998,11.079999999999998
0.005,2145,169,1,4,32.33,33.33
0.005,2145,39,1,5,10.079999999999998,11.079999999999998
0.005,2145,39,1,5,10.079999999999998,11.079999999999998
0.005,2145,39,1,5,10.079999999999998,11.079999999999998
0.005,2145,39,1,5,10.079999999999998,11.079999999999998
0.005,2145,39,1,5,10.079999999999998,11.079999999999998
0.005,2145,39,1,5,10.079999999999998,11.079999999999998
0.005,2145,39,1,5,10.079999999999998,11.079999999999998
0.005,2145,39,1,5,10.079999999999998,11.079999999999998
0.005,2145,39,1,5,10.079999999999998,11.079999999999998
0.005,2145,198,1,2,40.39,41.455
0.005,2145,39,1,5,10.079999999999998,11.079999999999998
0.005,2145,39,1,5,10.079999999999998,11.079999999999998
0.005,2145,169,1,4,32.33,33.33
0.005,2145,39,1,5,10.079999999999998,11.079999999999998
0.005,2145,39,1,5,10.079999999999998,11.079999999999998
0.005,2145,39,1,5,10.079999999999998,11.079999999999998
0.005,2145,39,1,5,10.079999999999998,11.079999999999998
0.005,2145,39,1,5,10.079999999999998,11.079999999999998
0.005,2145,39,1,5,10.079999999999998,11.079999999999998
0.005,2145,169,1,4,32.33,33.33
0.005,2145,39,1,5,10.079999999999998,11.079999999999998
0.005,2145,169,1,4,32.33,33.33
0.005,2145,39,1,5,10.079999999999998,11.079999999999998
0.005,2145,39,1,5,10.079999999999998,11.079999999999998
0.005,2145,39,1,5,10.079999999999998,11.079999999999998
0.005,2145,232,1,1,45.54,46.54
0.005,2145,236,1,5,47.574999999999996,47.585
0.005,2145,39,1,5,10.079999999999998,11.079999999999998
0.005,2145,169,1,4,32.33,33.33
0.005,2145,39,1,5,10.079999999999998,11.079999999999998
0.005,2145,39,1,5,10.079999999999998,11.079999999999998
0.005,2145,39,1,5,10.079999999999998,11.079999999999998
0.005,2145,169,1,4,32.33,33.33
0.005,2145,39,1,5,10.079999999999998,11.079999999999998
0.005,2145,39,1,5,10.079999999999998,11.079999999999998
0.005,2145,39,1,5,10.079999999999998,11.079999999999998
0.005,2145,39,1,5,10.079999999999998,11.079999999999998
0.005,2145,39,1,5,10.079999999999998,11.079999999999998
0.005,2145,39,1,5,10.079999999999998,11.079999999999998
0.005,2145,39,1,5,10.079999999999998,11.079999999999998
0.005,2145,169,1,4,32.33,33.33
0.005,2145,39,1,5,10.079999999999998,11.079999999999998
0.005,2145,169,1,4,32.33,33.33
0.005,2145,39,1,5,10.079999999999998,11.079999999999998
0.005,2145,169,1,4,32.33,33.33
0.005,2145,39,1,5,10.079999999999998,11.079999999999998
0.005,2145,39,1,5,10.079999999999998,11.079999999999998
0.010,20952,100,1,7,26.419999999999998,27.419999999999998
0.010,20952,122,1,2,30.509999999999998,31.509999999999998
0.010,20952,100,1,7,26.419999999999998,27.419999999999998
0.010,20952,100,1,7,26.419999999999998,27.419999999999998
0.010,20952,209,1,1,46.83,47.83
0.010,20952,20,1,2,6.1,7.1
0.010,20952,100,1,7,26.419999999999998,27.419999999999998
0.010,20952,122,1,2,30.509999999999998,31.509999999999998
0.010,20952,141,1,5,35.559999999999995,36.559999999999995
0.010,20952,62,1,4,20.24,21.24
0.010,20952,299,1,4,64.14000000000001,65.14000000000001
0.010,20952,141,1,5,35.559999999999995,36.559999999999995
0.010,20952,20,1,2,6.1,7.1
0.010,20952,100,1,7,26.419999999999998,27.419999999999998
0.010,20952,54,1,1,15.16,16.16
0.010,20952,54,1,1,15.16,16.16
0.010,20952,209,1,1,46.83,47.83
0.010,20952,54,1,1,15.16,16.16
0.010,20952,100,1,7,26.419999999999998,27.419999999999998
0.010,20952,122,1,2,30.509999999999998,31.509999999999998
0.010,20952,54,1,1,15.16,16.16
0.010,20952,209,1,1,46.83,47.83
0.010,20952,100,1,7,26.419999999999998,27.419999999999998
0.010,20952,54,1,1,15.16,16.16
0.010,20952,209,1,1,46.83,47.83
0.010,20952,54,1,1,15.16,16.16
0.010,20952,54,1,1,15.16,16.16
0.010,20952,288,1,2,60.02,61.02
0.010,20952,20,1,2,6.1,7.1
0.010,20952,20,1,2,6.1,7.1
0.010,20952,122,1,2,30.509999999999998,31.509999999999998
0.010,20952,54,1,1,15.16,16.16
0.010,20952,20,1,2,6.1,7.1
0.010,20952,100,1,7,26.419999999999998,27.419999999999998
0.010,20952,122,1,2,30.509999999999998,31.509999999999998
0.010,20952,54,1,1,15.16,16.16
0.010,20952,54,1,1,15.16,16.16
0.010,20952,100,1,7,26.419999999999998,27.419999999999998
0.010,20952,209,1,1,46.83,47.83
0.010,20952,100,1,7,26.419999999999998,27.419999999999998
0.010,20952,20,1,2,6.1,7.1
0.010,20952,100,1,7,26.419999999999998,27.419999999999998
0.010,20952,122,1,2,30.509999999999998,31.509999999999998
0.010,20952,54,1,1,15.16,16.16
0.010,20952,20,1,2,6.1,7.1
0.010,20952,122,1,2,30.509999999999998,31.509999999999998
0.010,20952,20,1,2,6.1,7.1
0.010,20952,100,1,7,26.419999999999998,27.419999999999998
0.010,20952,100,1,7,26.419999999999998,27.419999999999998
0.010,20952,100,1,7,26.419999999999998,27.419999999999998
0.010,20952,20,1,2,6.1,7.1
0.010,20952,100,1,7,26.419999999999998,27.419999999999998
0.010,20952,122,1,2,30.509999999999998,31.509999999999998
0.010,20952,100,1,7,26.419999999999998,27.419999999999998
0.010,20952,54,1,1,15.16,16.16
0.010,20952,0,1,6,1,2
0.010,20952,100,1,7,26.419999999999998,27.419999999999998
0.010,20952,100,1,7,26.419999999999998,27.419999999999998
0.010,20952,20,1,2,6.1,7.1
0.010,20952,100,1,7,26.419999999999998,27.419999999999998
0.010,20952,54,1,1,15.16,16.16
0.010,20952,54,1,1,15.16,16.16
0.010,20952,209,1,1,46.83,47.83
0.010,20952,209,1,1,46.83,47.83
0.010,20952,20,1,2,6.1,7.1
0.010,20952,122,1,2,30.509999999999998,31.509999999999998
0.010,20952,54,1,1,15.16,16.16
0.010,20952,20,1,2,6.1,7.1
0.010,20952,54,1,1,15.16,16.16
0.010,20952,54,1,1,15.16,16.16
0.010,20952,20,1,2,6.1,7.1
0.010,20952,20,1,2,6.1,7.1
0.010,20952,20,1,2,6.1,7.1
0.010,20952,209,1,1,46.83,47.83
0.010,20952,100,1,7,26.419999999999998,27.419999999999998
0.010,20952,209,1,1,46.83,47.83
0.010,20952,13,1,7,5,6.1
0.010,20952,100,1,7,26.419999999999998,27.419999999999998
0.010,20952,54,1,1,15.16,16.16
0.010,20952,20,1,2,6.1,7.1
0.010,20952,54,1,1,15.16,16.16
0.010,20952,100,1,7,26.419999999999998,27.419999999999998
0.010,20952,13,1,7,5,6.1
0.010,20952,122,1,2,30.509999999999998,31.509999999999998
0.010,20952,20,1,2,6.1,7.1
0.010,20952,54,1,1,15.16,16.16
0.010,20952,100,1,7,26.419999999999998,27.419999999999998
0.010,20952,54,1,1,15.16,16.16
0.010,20952,100,1,7,26.419999999999998,27.419999999999998
0.010,20952,100,1,7,26.419999999999998,27.419999999999998
0.010,20952,54,1,1,15.16,16.16
0.010,20952,288,1,2,60.02,61.02
0.010,20952,100,1,7,26.419999999999998,27.419999999999998
0.010,20952,54,1,1,15.16,16.16
0.010,20952,100,1,7,26.419999999999998,27.419999999999998
0.010,20952,100,1,7,26.419999999999998,27.419999999999998
0.015,2124,106,1,4,20.585000000000004,21.585000000000004
0.015,2124,46,1,20,11.270000000000001,12.270000000000001
0.015,2124,106,1,4,20.585000000000004,21.585000000000004
0.015,2124,106,1,4,20.585000000000004,21.585000000000004
0.015,2124,106,1,4,20.585000000000004,21.585000000000004
0.015,2124,1,1,8,2,3
0.015,2124,46,1,20,11.270000000000001,12.270000000000001
0.015,2124,46,1,20,11.270000000000001,12.270000000000001
0.015,2124,46,1,20,11.270000000000001,12.270000000000001
0.015,2124,46,1,20,11.270000000000001,12.270000000000001
0.015,2124,106,1,4,20.585000000000004,21.585000000000004
0.015,2124,179,1,4,33.87,34.87
0.015,2124,1,1,8,2,3
0.015,2124,140,1,7,25.675000000000004,26.675000000000004
0.015,2124,140,1,7,25.675000000000004,26.675000000000004
0.015,2124,106,1,4,20.585000000000004,21.585000000000004
0.015,2124,106,1,4,20.585000000000004,21.585000000000004
0.015,2124,106,1,4,20.585000000000004,21.585000000000004
0.015,2124,106,1,4,20.585000000000004,21.585000000000004
0.015,2124,46,1,20,11.270000000000001,12.270000000000001
0.015,2124,179,1,4,33.87,34.87
0.015,2124,46,1,20,11.270000000000001,12.270000000000001
0.015,2124,106,1,4,20.585000000000004,21.585000000000004
0.015,2124,46,1,20,11.270000000000001,12.270000000000001
0.015,2124,106,1,4,20.585000000000004,21.585000000000004
0.015,2124,106,1,4,20.585000000000004,21.585000000000004
0.015,2124,46,1,20,11.270000000000001,12.270000000000001
0.015,2124,140,1,7,25.675000000000004,26.675000000000004
0.015,2124,46,1,20,11.270000000000001,12.270000000000001
0.015,2124,46,1,20,11.270000000000001,12.270000000000001
0.015,2124,179,1,4,33.87,34.87
0.015,2124,106,1,4,20.585000000000004,21.585000000000004
0.015,2124,46,1,20,11.270000000000001,12.270000000000001
0.015,2124,46,1,20,11.270000000000001,12.270000000000001
0.015,2124,46,1,20,11.270000000000001,12.270000000000001
0.015,2124,46,1,20,11.270000000000001,12.270000000000001
0.015,2124,46,1,20,11.270000000000001,12.270000000000001
0.015,2124,46,1,20,11.270000000000001,12.270000000000001
0.015,2124,46,1,20,11.270000000000001,12.270000000000001
0.015,2124,1,1,8,2,3
0.015,2124,140,1,7,25.675000000000004,26.675000000000004
0.015,2124,46,1,20,11.270000000000001,12.270000000000001
0.015,2124,46,1,20,11.270000000000001,12.270000000000001
0.015,2124,46,1,20,11.270000000000001,12.270000000000001
0.015,2124,106,1,4,20.585000000000004,21.585000000000004
0.015,2124,46,1,20,11.270000000000001,12.270000000000001
0.015,2124,140,1,7,25.675000000000004,26.675000000000004
0.015,2124,106,1,4,20.585000000000004,21.585000000000004
0.015,2124,46,1,20,11.270000000000001,12.270000000000001
0.015,2124,46,1,20,11.270000000000001,12.270000000000001
0.015,2124,140,1,7,25.675000000000004,26.675000000000004
0.015,2124,106,1,4,20.585000000000004,21.585000000000004
0.015,2124,179,1,4,33.87,34.87
0.015,2124,46,1,20,11.270000000000001,12.270000000000001
0.015,2124,179,1,4,33.87,34.87
0.015,2124,46,1,20,11.270000000000001,12.270000000000001
0.015,2124,179,1,4,33.87,34.87
0.015,2124,46,1,20,11.270000000000001,12.270000000000001
0.015,2124,106,1,4,20.585000000000004,21.585000000000004
0.015,2124,106,1,4,20.585000000000004,21.585000000000004
0.015,2124,140,1,7,25.675000000000004,26.675000000000004
0.015,2124,46,1,20,11.270000000000001,12.270000000000001
0.015,2124,140,1,7,25.675000000000004,26.675000000000004
0.015,2124,46,1,20,11.270000000000001,12.270000000000001
0.015,2124,46,1,20,11.270000000000001,12.270000000000001
0.015,2124,106,1,4,20.585000000000004,21.585000000000004
0.015,2124,46,1,20,11.270000000000001,12.270000000000001
0.015,2124,46,1,20,11.270000000000001,12.270000000000001
0.015,2124,46,1,20,11.270000000000001,12.270000000000001
0.015,2124,140,1,7,25.675000000000004,26.675000000000004
0.015,2124,46,1,20,11.270000000000001,12.270000000000001
0.015,2124,46,1,20,11.270000000000001,12.270000000000001
0.015,2124,46,1,20,11.270000000000001,12.270000000000001
0.015,2124,106,1,4,20.585000000000004,21.585000000000004
0.015,2124,106,1,4,20.585000000000004,21.585000000000004
0.015,2124,46,1,20,11.270000000000001,12.270000000000001
0.015,2124,46,1,20,11.270000000000001,12.270000000000001
0.015,2124,46,1,20,11.270000000000001,12.270000000000001
0.015,2124,46,1,20,11.270000000000001,12.270000000000001
0.015,2124,106,1,4,20.585000000000004,21.585000000000004
0.015,2124,46,1,20,11.270000000000001,12.270000000000001
0.015,2124,106,1,4,20.585000000000004,21.585000000000004
0.015,2124,140,1,7,25.675000000000004,26.675000000000004
0.015,2124,106,1,4,20.585000000000004,21.585000000000004
0.015,2124,140,1,7,25.675000000000004,26.675000000000004
0.015,2124,179,1,4,33.87,34.87
0.015,2124,140,1,7,25.675000000000004,26.675000000000004
0.015,2124,46,1,20,11.270000000000001,12.270000000000001
0.015,2124,46,1,20,11.270000000000001,12.270000000000001
0.020,10563,32,1,4,6.24,7.26
0.020,10563,129,1,9,31.700000000000003,32.7
0.020,10563,32,1,4,6.24,7.26
0.020,10563,32,1,4,6.24,7.26
0.020,10563,32,1,4,6.24,7.26
0.020,10563,32,1,4,6.24,7.26
0.020,10563,32,1,4,6.24,7.26
0.020,10563,60,1,9,15.48,16.48
0.020,10563,32,1,4,6.24,7.26
0.020,10563,32,1,4,6.24,7.26
0.020,10563,98,1,1,27.580000000000002,28.700000000000003
0.020,10563,129,1,9,31.700000000000003,32.7
0.020,10563,223,1,6,47.24,48.24
0.020,10563,32,1,4,6.24,7.26
0.020,10563,223,1,6,47.24,48.24
0.020,10563,32,1,4,6.24,7.26
0.020,10563,129,1,9,31.700000000000003,32.7
0.020,10563,32,1,4,6.24,7.26
0.020,10563,60,1,9,15.48,16.48
0.020,10563,32,1,4,6.24,7.26
0.020,10563,60,1,9,15.48,16.48
0.020,10563,32,1,4,6.24,7.26
0.020,10563,129,1,9,31.700000000000003,32.7
0.020,10563,129,1,9,31.700000000000003,32.7
0.020,10563,32,1,4,6.24,7.26
0.020,10563,32,1,4,6.24,7.26
0.020,10563,32,1,4,6.24,7.26
0.020,10563,129,1,9,31.700000000000003,32.7
0.020,10563,129,1,9,31.700000000000003,32.7
0.020,10563,223,1,6,47.24,48.24
0.020,10563,129,1,9,31.700000000000003,32.7
0.020,10563,60,1,9,15.48,16.48
0.020,10563,60,1,9,15.48,16.48
0.020,10563,60,1,9,15.48,16.48
0.020,10563,32,1,4,6.24,7.26
0.020,10563,129,1,9,31.700000000000003,32.7
0.020,10563,129,1,9,31.700000000000003,32.7
0.020,10563,32,1,4,6.24,7.26
0.020,10563,129,1,9,31.700000000000003,32.7
0.020,10563,98,1,1,27.580000000000002,28.700000000000003
0.020,10563,129,1,9,31.700000000000003,32.7
0.020,10563,129,1,9,31.700000000000003,32.7
0.020,10563,60,1,9,15.48,16.48
0.020,10563,32,1,4,6.24,7.26
0.020,10563,129,1,9,31.700000000000003,32.7
0.020,10563,129,1,9,31.700000000000003,32.7
0.020,10563,32,1,4,6.24,7.26
0.020,10563,60,1,9,15.48,16.48
0.020,10563,98,1,1,27.580000000000002,28.700000000000003
0.020,10563,32,1,4,6.24,7.26
0.020,10563,32,1,4,6.24,7.26
0.020,10563,32,1,4,6.24,7.26
0.020,10563,32,1,4,6.24,7.26
0.020,10563,32,1,4,6.24,7.26
0.020,10563,300,1,6,58.480000000000004,59.480000000000004
0.020,10563,32,1,4,6.24,7.26
0.020,10563,32,1,4,6.24,7.26
0.020,10563,32,1,4,6.24,7.26
0.020,10563,32,1,4,6.24,7.26
0.020,10563,32,1,4,6.24,7.26
0.020,10563,32,1,4,6.24,7.26
0.020,10563,60,1,9,15.48,16.48
0.020,10563,32,1,4,6.24,7.26
0.020,10563,129,1,9,31.700000000000003,32.7
0.020,10563,32,1,4,6.24,7.26
0.020,10563,32,1,4,6.24,7.26
0.020,10563,32,1,4,6.24,7.26
0.020,10563,32,1,4,6.24,7.26
0.020,10563,32,1,4,6.24,7.26
0.020,10563,32,1,4,6.24,7.26
0.020,10563,32,1,4,6.24,7.26
0.020,10563,32,1,4,6.24,7.26
0.020,10563,32,1,4,6.24,7.26
0.020,10563,32,1,4,6.24,7.26
0.020,10563,129,1,9,31.700000000000003,32.7
0.020,10563,32,1,4,6.24,7.26
0.020,10563,223,1,6,47.24,48.24
0.020,10563,129,1,9,31.700000000000003,32.7
0.020,10563,60,1,9,15.48,16.48
0.020,10563,32,1,4,6.24,7.26
0.020,10563,60,1,9,15.48,16.48
0.020,10563,129,1,9,31.700000000000003,32.7
0.020,10563,32,1,4,6.24,7.26
0.020,10563,32,1,4,6.24,7.26
0.020,10563,60,1,9,15.48,16.48
0.020,10563,32,1,4,6.24,7.26
0.020,10563,32,1,4,6.24,7.26
0.020,10563,32,1,4,6.24,7.26
0.020,10563,98,1,1,27.580000000000002,28.700000000000003
0.020,10563,32,1,4,6.24,7.26
0.020,10563,32,1,4,6.24,7.26
0.020,10563,32,1,4,6.24,7.26
0.020,10563,32,1,4,6.24,7.26
0.025,29235,15,1,7,5.225,6.225
0.025,29235,15,1,7,5.225,6.225
0.025,29235,73,1,2,20.574999999999996,21.574999999999996
0.025,29235,304,1,12,72.975,73.975
0.025,29235,15,1,7,5.225,6.225
0.025,29235,0,1,2,1,2
0.025,29235,15,1,7,5.225,6.225
0.025,29235,92,1,15,29.124999999999996,30.124999999999996
0.025,29235,15,1,7,5.225,6.225
0.025,29235,15,1,7,5.225,6.225
0.025,29235,15,1,7,5.225,6.225
0.025,29235,15,1,7,5.225,6.225
0.025,29235,15,1,7,5.225,6.225
0.025,29235,15,1,7,5.225,6.225
0.025,29235,73,1,2,20.574999999999996,21.574999999999996
0.025,29235,304,2,13,73.975,74.975
0.025,29235,0,1,2,1,2
0.025,29235,15,1,7,5.225,6.225
0.025,29235,15,1,7,5.225,6.225
0.025,29235,15,1,7,5.225,6.225
0.025,29235,15,1,7,5.225,6.225
0.025,29235,15,1,7,5.225,6.225
0.025,29235,15,1,7,5.225,6.225
0.025,29235,15,1,7,5.225,6.225
0.025,29235,73,1,2,20.574999999999996,21.574999999999996
0.025,29235,73,1,2,20.574999999999996,21.574999999999996
0.025,29235,228,1,2,54.15,55.15
0.025,29235,228,1,2,54.15,55.15
0.025,29235,15,1,7,5.225,6.225
0.025,29235,73,1,2,20.574999999999996,21.574999999999996
0.025,29235,15,1,7,5.225,6.225
0.025,29235,15,1,7,5.225,6.225
0.025,29235,15,1,7,5.225,6.225
0.025,29235,15,1,7,5.225,6.225
0.025,29235,15,1,7,5.225,6.225
0.025,29235,15,1,7,5.225,6.225
0.025,29235,15,1,7,5.225,6.225
0.025,29235,15,1,7,5.225,6.225
0.025,29235,15,1,7,5.225,6.225
0.025,29235,15,1,7,5.225,6.225
0.025,29235,15,1,7,5.225,6.225
0.025,29235,228,1,2,54.15,55.15
0.025,29235,92,1,15,29.124999999999996,30.124999999999996
0.025,29235,15,1,7,5.225,6.225
0.025,29235,73,1,2,20.574999999999996,21.574999999999996
0.025,29235,228,1,2,54.15,55.15
0.025,29235,15,1,7,5.225,6.225
0.025,29235,15,1,7,5.225,6.225
0.025,29235,15,1,7,5.225,6.225
0.025,29235,15,1,7,5.225,6.225
0.025,29235,15,1,7,5.225,6.225
0.025,29235,15,1,7,5.225,6.225
0.025,29235,92,1,15,29.124999999999996,30.124999999999996
0.025,29235,15,1,7,5.225,6.225
0.025,29235,15,1,7,5.225,6.225
0.025,29235,15,1,7,5.225,6.225
0.025,29235,15,1,7,5.225,6.225
0.025,29235,15,1,7,5.225,6.225
0.025,29235,228,1,2,54.15,55.15
0.025,29235,15,1,7,5.225,6.225
0.025,29235,15,1,7,5.225,6.225
0.025,29235,15,1,7,5.225,6.225
0.025,29235,92,1,15,29.124999999999996,30.124999999999996
0.025,29235,15,1,7,5.225,6.225
0.025,29235,92,1,15,29.124999999999996,30.124999999999996
0.025,29235,73,1,2,20.574999999999996,21.574999999999996
0.025,29235,92,1,15,29.124999999999996,30.124999999999996
0.025,29235,118,1,3,32.2,32.375
0.025,29235,15,1,7,5.225,6.225
0.025,29235,15,1,7,5.225,6.225
0.025,29235,15,1,7,5.225,6.225
0.025,29235,92,1,15,29.124999999999996,30.124999999999996
0.025,29235,73,1,2,20.574999999999996,21.574999999999996
0.025,29235,92,1,15,29.124999999999996,30.124999999999996
0.025,29235,15,1,7,5.225,6.225
0.025,29235,118,1,3,32.2,32.375
0.025,29235,73,1,2,20.574999999999996,21.574999999999996
0.025,29235,92,1,15,29.124999999999996,30.124999999999996
0.025,29235,15,1,7,5.225,6.225
0.025,29235,15,1,7,5.225,6.225
0.025,29235,15,1,7,5.225,6.225
0.025,29235,228,1,2,54.15,55.15
0.025,29235,92,1,15,29.124999999999996,30.124999999999996
0.025,29235,92,1,15,29.124999999999996,30.124999999999996
0.025,29235,15,1,7,5.225,6.225
0.025,29235,118,1,3,32.2,32.375
0.025,29235,15,1,7,5.225,6.225
0.025,29235,15,1,7,5.225,6.225
0.025,29235,15,1,7,5.225,6.225
0.025,29235,228,1,2,54.15,55.15
0.025,29235,15,1,7,5.225,6.225
0.025,29235,15,1,7,5.225,6.225
0.025,29235,15,1,7,5.225,6.225
0.025,29235,15,1,7,5.225,6.225
0.025,29235,92,1,15,29.124999999999996,30.124999999999996
0.025,29235,15,1,7,5.225,6.225
0.030,13105,14,1,2,5,6
0.030,13105,128,1,4,31.44,32.44
0.030,13105,151,2,8,40.62,41.62
0.030,13105,151,1,3,39.62,40.62
0.030,13105,128,1,4,31.44,32.44
0.030,13105,151,2,8,40.62,41.62
0.030,13105,0,1,7,1,2
0.030,13105,151,1,3,39.62,40.62
0.030,13105,14,1,2,5,6
0.030,13105,151,2,8,40.62,41.62
0.030,13105,151,2,8,40.62,41.62
0.030,13105,151,2,8,40.62,41.62
0.030,13105,52,1,5,15.450000000000001,16.450000000000003
0.030,13105,151,1,3,39.62,40.62
0.030,13105,151,2,8,40.62,41.62
0.030,13105,151,1,3,39.62,40.62
0.030,13105,128,1,4,31.44,32.44
0.030,13105,128,1,4,31.44,32.44
0.030,13105,162,1,1,44.65,45.65
0.030,13105,128,1,4,31.44,32.44
0.030,13105,162,1,1,44.65,45.65
0.030,13105,151,2,8,40.62,41.62
0.030,13105,14,1,2,5,6
0.030,13105,151,1,3,39.62,40.62
0.030,13105,151,2,8,40.62,41.62
0.030,13105,128,1,4,31.44,32.44
0.030,13105,151,1,3,39.62,40.62
0.030,13105,14,1,2,5,6
0.030,13105,128,1,4,31.44,32.44
0.030,13105,151,1,3,39.62,40.62
0.030,13105,145,1,2,36.62,37.62
0.030,13105,14,1,2,5,6
0.030,13105,151,2,8,40.62,41.62
0.030,13105,151,1,3,39.62,40.62
0.030,13105,14,1,2,5,6
0.030,13105,151,1,3,39.62,40.62
0.030,13105,151,2,8,40.62,41.62
0.030,13105,0,1,7,1,3
0.030,13105,14,1,2,5,6
0.030,13105,14,1,2,5,6
0.030,13105,151,2,8,40.62,41.62
0.030,13105,128,1,4,31.44,32.44
0.030,13105,151,2,8,40.62,41.62
0.030,13105,14,1,2,5,6
0.030,13105,151,1,3,39.62,40.62
0.030,13105,151,2,8,40.62,41.62
0.030,13105,52,1,5,15.450000000000001,16.450000000000003
0.030,13105,128,1,4,31.44,32.44
0.030,13105,14,1,2,5,6
0.030,13105,52,1,5,15.450000000000001,16.450000000000003
0.030,13105,128,1,4,31.44,32.44
0.030,13105,0,2,140,2,3
0.030,13105,151,2,8,40.62,41.62
0.030,13105,151,2,8,40.62,41.62
0.030,13105,128,1,4,31.44,32.44
0.030,13105,145,1,2,36.62,37.62
0.030,13105,151,2,8,40.62,41.62
0.030,13105,52,1,5,15.450000000000001,16.450000000000003
0.030,13105,151,2,8,40.62,41.62
0.030,13105,14,1,2,5,6
0.030,13105,128,1,4,31.44,32.44
0.030,13105,151,2,8,40.62,41.62
0.030,13105,151,1,3,39.62,40.62
0.030,13105,0,1,7,1,2
0.030,13105,14,1,2,5,6
0.030,13105,151,1,3,39.62,40.62
0.030,13105,128,1,4,31.44,32.44
0.030,13105,14,1,2,5,6
0.030,13105,151,1,3,39.62,40.62
0.030,13105,128,1,4,31.44,32.44
0.030,13105,151,2,8,40.62,41.62
0.030,13105,151,2,8,40.62,41.62
0.030,13105,151,1,3,39.62,40.62
0.030,13105,52,1,5,15.450000000000001,16.450000000000003
0.030,13105,14,1,2,5,6
0.030,13105,151,1,3,39.62,40.62
0.030,13105,151,2,8,40.62,41.62
0.030,13105,151,1,3,39.62,40.62
0.030,13105,151,2,8,40.62,41.62
0.030,13105,128,1,4,31.44,32.44
0.030,13105,151,1,3,39.62,40.62
0.030,13105,14,1,2,5,6
0.030,13105,151,2,8,40.62,41.62
0.030,13105,128,1,4,31.44,32.44
0.030,13105,151,1,3,39.62,40.62
0.030,13105,151,2,8,40.62,41.62
0.030,13105,151,2,8,40.62,41.62
0.030,13105,151,2,8,40.62,41.62
0.030,13105,128,1,4,31.44,32.44
0.030,13105,235,1,6,60.52,60.58
0.030,13105,14,1,2,5,6
0.030,13105,151,1,3,39.62,40.62
0.035,25635,61,1,2,14.735000000000001,15.735000000000001
0.035,25635,61,1,2,14.735000000000001,15.735000000000001
0.035,25635,78,1,11,19.05,20.05
0.035,25635,78,1,11,19.05,20.05
0.035,25635,240,1,13,51.18500000000001,52.18500000000001
0.035,25635,61,1,2,14.735000000000001,15.735000000000001
0.035,25635,136,1,6,29.680000000000003,30.680000000000003
0.035,25635,61,1,2,14.735000000000001,15.735000000000001
0.035,25635,61,1,2,14.735000000000001,15.735000000000001
0.035,25635,61,1,2,14.735000000000001,15.735000000000001
0.035,25635,12,1,5,4,5.245
0.035,25635,78,1,11,19.05,20.05
0.035,25635,136,1,6,29.680000000000003,30.680000000000003
0.035,25635,61,1,2,14.735000000000001,15.735000000000001
0.035,25635,12,1,5,4,5.245
0.035,25635,61,1,2,14.735000000000001,15.735000000000001
0.035,25635,61,1,2,14.735000000000001,15.735000000000001
0.035,25635,12,1,5,4,5.245
0.035,25635,78,1,11,19.05,20.05
0.035,25635,12,1,5,4,5.245
0.035,25635,78,1,11,19.05,20.05
0.035,25635,61,1,2,14.735000000000001,15.735000000000001
0.035,25635,61,1,2,14.735000000000001,15.735000000000001
0.035,25635,12,1,5,4,5.245
0.035,25635,259,1,2,54.46500000000001,54.57000000000001
0.035,25635,61,1,2,14.735000000000001,15.735000000000001
0.035,25635,61,1,2,14.735000000000001,15.735000000000001
0.035,25635,12,1,5,4,5.245
0.035,25635,78,1,11,19.05,20.05
0.035,25635,78,1,11,19.05,20.05
0.035,25635,61,1,2,14.735000000000001,15.735000000000001
0.035,25635,61,1,2,14.735000000000001,15.735000000000001
0.035,25635,61,1,2,14.735000000000001,15.735000000000001
0.035,25635,12,1,5,4,5.245
0.035,25635,61,1,2,14.735000000000001,15.735000000000001
0.035,25635,10,1,6,3,4
0.035,25635,61,1,2,14.735000000000001,15.735000000000001
0.035,25635,12,1,5,4,5.245
0.035,25635,61,1,2,14.735000000000001,15.735000000000001
0.035,25635,61,1,2,14.735000000000001,15.735000000000001
0.035,25635,78,1,11,19.05,20.05
0.035,25635,61,1,2,14.735000000000001,15.735000000000001
0.035,25635,12,1,5,4,5.245
0.035,25635,136,1,6,29.680000000000003,30.680000000000003
0.035,25635,61,1,2,14.735000000000001,15.735000000000001
0.035,25635,136,1,6,29.680000000000003,30.680000000000003
0.035,25635,61,1,2,14.735000000000001,15.735000000000001
0.035,25635,61,1,2,14.735000000000001,15.735000000000001
0.035,25635,61,1,2,14.735000000000001,15.735000000000001
0.035,25635,61,1,2,14.735000000000001,15.735000000000001
0.035,25635,61,1,2,14.735000000000001,15.735000000000001
0.035,25635,61,1,2,14.735000000000001,15.735000000000001
0.035,25635,61,1,2,14.735000000000001,15.735000000000001
0.035,25635,61,1,2,14.735000000000001,15.735000000000001
0.035,25635,12,1,5,4,5.245
0.035,25635,78,1,11,19.05,20.05
0.035,25635,61,1,2,14.735000000000001,15.735000000000001
0.035,25635,12,1,5,4,5.245
0.035,25635,61,1,2,14.735000000000001,15.735000000000001
0.035,25635,10,1,6,3,4
0.035,25635,240,1,13,51.18500000000001,52.18500000000001
0.035,25635,61,1,2,14.735000000000001,15.735000000000001
0.035,25635,61,1,2,14.735000000000001,15.735000000000001
0.035,25635,61,1,2,14.735000000000001,15.735000000000001
0.035,25635,61,1,2,14.735000000000001,15.735000000000001
0.035,25635,61,1,2,14.735000000000001,15.735000000000001
0.035,25635,10,1,6,3,4
0.035,25635,12,1,5,4,5.245
0.035,25635,61,1,2,14.735000000000001,15.735000000000001
0.035,25635,61,1,2,14.735000000000001,15.735000000000001
0.035,25635,61,1,2,14.735000000000001,15.735000000000001
0.035,25635,61,1,2,14.735000000000001,15.735000000000001
0.035,25635,12,1,5,4,5.245
0.035,25635,61,1,2,14.735000000000001,15.735000000000001
0.035,25635,78,1,11,19.05,20.05
0.035,25635,12,1,5,4,5.245
0.035,25635,136,1,6,29.680000000000003,30.680000000000003
0.035,25635,61,1,2,14.735000000000001,15.735000000000001
0.035,25635,61,1,2,14.735000000000001,15.735000000000001
0.035,25635,61,1,2,14.735000000000001,15.735000000000001
0.035,25635,61,1,2,14.735000000000001,15.735000000000001
0.035,25635,10,1,6,3,4
0.035,25635,12,1,5,4,5.245
0.035,25635,78,1,11,19.05,20.05
0.035,25635,78,1,11,19.05,20.05
0.035,25635,78,1,11,19.05,20.05
0.035,25635,61,1,2,14.735000000000001,15.735000000000001
0.035,25635,12,1,5,4,5.245
0.035,25635,61,1,2,14.735000000000001,15.735000000000001
0.035,25635,61,1,2,14.735000000000001,15.735000000000001
0.035,25635,61,1,2,14.735000000000001,15.735000000000001
0.035,25635,61,1,2,14.735000000000001,15.735000000000001
0.035,25635,61,1,2,14.735000000000001,15.735000000000001
0.035,25635,259,1,2,54.46500000000001,54.57000000000001
0.035,25635,78,1,11,19.05,20.05
0.040,15541,90,1,5,27.32,28.4
0.040,15541,25,2,9,9.4,10.4
0.040,15541,25,1,7,8.4,9.4
0.040,15541,90,1,5,27.32,28.4
0.040,15541,25,1,7,8.4,9.4
0.040,15541,25,1,7,8.4,9.4
0.040,15541,25,2,9,9.4,10.4
0.040,15541,90,1,5,27.32,28.4
0.040,15541,305,1,4,78.71999999999998,79.71999999999998
0.040,15541,36,1,10,11.72,12.72
0.040,15541,25,2,9,9.4,10.4
0.040,15541,25,1,7,8.4,9.4
0.040,15541,25,1,7,8.4,9.4
0.040,15541,25,1,7,8.4,9.4
0.040,15541,25,1,7,8.4,9.4
0.040,15541,90,1,5,27.32,28.4
0.040,15541,25,1,7,8.4,9.4
0.040,15541,25,1,7,8.4,9.4
0.040,15541,25,2,9,9.4,10.4
0.040,15541,25,1,7,8.4,9.4
0.040,15541,25,2,9,9.4,10.4
0.040,15541,90,1,5,27.32,28.4
0.040,15541,25,2,9,9.4,10.4
0.040,15541,25,1,7,8.4,9.4
0.040,15541,25,2,9,9.4,10.4
0.040,15541,25,2,9,9.4,10.4
0.040,15541,25,2,9,9.4,10.4
0.040,15541,82,1,8,26.32,27.32
0.040,15541,25,1,7,8.4,9.4
0.040,15541,25,1,7,8.4,9.4
0.040,15541,25,2,9,9.4,10.4
0.040,15541,25,1,7,8.4,9.4
0.040,15541,25,2,9,9.4,10.4
0.040,15541,25,2,9,9.4,10.4
0.040,15541,25,2,9,9.4,10.4
0.040,15541,25,2,9,9.4,10.4
0.040,15541,25,1,7,8.4,9.4
0.040,15541,90,1,5,27.32,28.4
0.040,15541,82,1,8,26.32,27.32
0.040,15541,90,1,5,27.32,28.4
0.040,15541,25,2,9,9.4,10.4
0.040,15541,25,2,9,9.4,10.4
0.040,15541,90,1,5,27.32,28.4
0.040,15541,25,2,9,9.4,10.4
0.040,15541,90,1,5,27.32,28.4
0.040,15541,36,1,10,11.72,12.72
0.040,15541,90,1,5,27.32,28.4
0.040,15541,90,1,5,27.32,28.4
0.040,15541,25,2,9,9.4,10.4
0.040,15541,25,1,7,8.4,9.4
0.040,15541,90,1,5,27.32,28.4
0.040,15541,25,1,7,8.4,9.4
0.040,15541,25,2,9,9.4,10.4
0.040,15541,25,1,7,8.4,9.4
0.040,15541,36,1,10,11.72,12.72
0.040,15541,25,1,7,8.4,9.4
0.040,15541,25,1,7,8.4,9.4
0.040,15541,25,2,9,9.4,10.4
0.040,15541,25,1,7,8.4,9.4
0.040,15541,25,2,9,9.4,10.4
0.040,15541,25,1,7,8.4,9.4
0.040,15541,25,2,9,9.4,10.4
0.040,15541,25,1,7,8.4,9.4
0.040,15541,25,1,7,8.4,9.4
0.040,15541,36,1,10,11.72,12.72
0.040,15541,25,1,7,8.4,9.4
0.040,15541,25,1,7,8.4,9.4
0.040,15541,25,2,9,9.4,10.4
0.040,15541,82,1,8,26.32,27.32
0.040,15541,25,1,7,8.4,9.4
0.040,15541,25,1,7,8.4,9.4
0.040,15541,25,1,7,8.4,9.4
0.040,15541,25,1,7,8.4,9.4
0.040,15541,25,2,9,9.4,10.4
0.040,15541,25,2,9,9.4,10.4
0.040,15541,25,1,7,8.4,9.4
0.040,15541,82,1,8,26.32,27.32
0.040,15541,25,1,7,8.4,9.4
0.040,15541,25,1,7,8.4,9.4
0.040,15541,25,1,7,8.4,9.4
0.040,15541,25,1,7,8.4,9.4
0.040,15541,25,1,7,8.4,9.4
0.040,15541,90,1,5,27.32,28.4
0.040,15541,22,1,34,2,3
0.040,15541,25,2,9,9.4,10.4
0.040,15541,90,1,5,27.32,28.4
0.040,15541,25,2,9,9.4,10.4
0.040,15541,25,1,7,8.4,9.4
0.040,15541,25,1,7,8.4,9.4
0.040,15541,25,1,7,8.4,9.4
0.040,15541,25,1,7,8.4,9.4
0.040,15541,25,2,9,9.4,10.4
0.040,15541,25,1,7,8.4,9.4
0.040,15541,25,2,9,9.4,10.4
0.040,15541,25,1,7,8.4,9.4
0.045,30227,68,1,2,13.26,14.26
0.045,30227,68,1,2,13.26,14.26
0.045,30227,26,1,3,4.495,5.495
0.045,30227,68,1,2,13.26,14.26
0.045,30227,32,1,10,7.765000000000001,7.8100000000000005
0.045,30227,26,1,3,4.495,5.495
0.045,30227,68,1,2,13.26,14.26
0.045,30227,91,1,3,18.305,19.305
0.045,30227,26,1,3,4.495,5.495
0.045,30227,129,1,11,29.935,31.16
0.045,30227,26,1,3,4.495,5.495
0.045,30227,26,1,3,4.495,5.495
0.045,30227,68,2,5,14.26,15.305
0.045,30227,129,1,11,29.935,31.16
0.045,30227,26,1,3,4.495,5.495
0.045,30227,26,1,3,4.495,5.495
0.045,30227,68,1,2,13.26,14.26
0.045,30227,26,1,3,4.495,5.495
0.045,30227,68,1,2,13.26,14.26
0.045,30227,68,2,5,14.26,15.305
0.045,30227,26,1,3,4.495,5.495
0.045,30227,129,1,11,29.935,31.16
0.045,30227,26,1,3,4.495,5.495
0.045,30227,129,1,11,29.935,31.16
0.045,30227,68,1,2,13.26,14.26
0.045,30227,68,1,2,13.26,14.26
0.045,30227,26,1,3,4.495,5.495
0.045,30227,141,1,3,32.294999999999995,33.294999999999995
0.045,30227,68,1,2,13.26,14.26
0.045,30227,68,1,2,13.26,14.26
0.045,30227,32,1,10,7.765000000000001,7.8100000000000005
0.045,30227,68,1,2,13.26,14.26
0.045,30227,68,1,2,13.26,14.26
0.045,30227,26,1,3,4.495,5.495
0.045,30227,68,1,2,13.26,14.26
0.045,30227,26,1,3,4.495,5.495
0.045,30227,129,1,11,29.935,31.16
0.045,30227,26,1,3,4.495,5.495
0.045,30227,68,1,2,13.26,14.26
0.045,30227,68,2,5,14.26,15.305
0.045,30227,129,1,11,29.935,31.16
0.045,30227,68,2,5,14.26,15.305
0.045,30227,68,1,2,13.26,14.26
0.045,30227,26,1,3,4.495,5.495
0.045,30227,32,1,10,7.765000000000001,7.8100000000000005
0.045,30227,68,1,2,13.26,14.26
0.045,30227,68,1,2,13.26,14.26
0.045,30227,68,1,2,13.26,14.26
0.045,30227,68,1,2,13.26,14.26
0.045,30227,68,1,2,13.26,14.26
0.045,30227,68,1,2,13.26,14.26
0.045,30227,26,1,3,4.495,5.495
0.045,30227,26,1,3,4.495,5.495
0.045,30227,26,1,3,4.495,5.495
0.045,30227,68,2,5,14.26,15.305
0.045,30227,26,1,3,4.495,5.495
0.045,30227,67,1,126,2,3
0.045,30227,26,1,3,4.495,5.495
0.045,30227,68,1,2,13.26,14.26
0.045,30227,26,1,3,4.495,5.495
0.045,30227,26,1,3,4.495,5.495
0.045,30227,68,1,2,13.26,14.26
0.045,30227,26,1,3,4.495,5.495
0.045,30227,68,1,2,13.26,14.26
0.045,30227,141,1,3,32.294999999999995,33.294999999999995
0.045,30227,68,1,2,13.26,14.26
0.045,30227,26,1,3,4.495,5.495
0.045,30227,26,1,3,4.495,5.495
0.045,30227,26,1,3,4.495,5.495
0.045,30227,26,1,3,4.495,5.495
0.045,30227,26,1,3,4.495,5.495
0.045,30227,32,1,10,7.765000000000001,7.8100000000000005
0.045,30227,26,1,3,4.495,5.495
0.045,30227,141,1,3,32.294999999999995,33.294999999999995
0.045,30227,26,1,3,4.495,5.495
0.045,30227,91,1,3,18.305,19.305
0.045,30227,26,1,3,4.495,5.495
0.045,30227,26,1,3,4.495,5.495
0.045,30227,26,1,3,4.495,5.495
0.045,30227,68,1,2,13.26,14.26
0.045,30227,26,1,3,4.495,5.495
0.045,30227,26,1,3,4.495,5.495
0.045,30227,67,1,126,2,3
0.045,30227,68,1,2,13.26,14.26
0.045,30227,68,1,2,13.26,14.26
0.045,30227,26,1,3,4.495,5.495
0.045,30227,26,1,3,4.495,5.495
0.045,30227,26,1,3,4.495,5.495
0.045,30227,141,1,3,32.294999999999995,33.294999999999995
0.045,30227,129,1,11,29.935,31.16
0.045,30227,26,1,3,4.495,5.495
0.045,30227,26,1,3,4.495,5.495
0.045,30227,68,2,5,14.26,15.305
0.050,1965,204,1,1,39.35000000000001,40.35000000000001
0.050,1965,222,1,10,43.85000000000001,44.85000000000001
0.050,1965,204,1,1,39.35000000000001,40.35000000000001
0.050,1965,204,1,1,39.35000000000001,40.35000000000001
0.050,1965,204,1,1,39.35000000000001,40.35000000000001
0.050,1965,204,1,1,39.35000000000001,40.35000000000001
0.050,1965,204,1,1,39.35000000000001,40.35000000000001
0.050,1965,222,1,10,43.85000000000001,44.85000000000001
0.050,1965,204,1,1,39.35000000000001,40.35000000000001
0.050,1965,204,1,1,39.35000000000001,40.35000000000001
0.050,1965,204,1,1,39.35000000000001,40.35000000000001
0.050,1965,204,1,1,39.35000000000001,40.35000000000001
0.050,1965,222,1,10,43.85000000000001,44.85000000000001
0.050,1965,96,1,5,19.700000000000003,20.6
0.050,1965,146,1,1,30.650000000000002,31.650000000000002
0.050,1965,204,1,1,39.35000000000001,40.35000000000001
0.050,1965,204,1,1,39.35000000000001,40.35000000000001
0.050,1965,204,1,1,39.35000000000001,40.35000000000001
0.050,1965,204,1,1,39.35000000000001,40.35000000000001
0.050,1965,222,1,10,43.85000000000001,44.85000000000001
0.050,1965,222,1,10,43.85000000000001,44.85000000000001
0.050,1965,146,1,1,30.650000000000002,31.650000000000002
0.050,1965,222,1,10,43.85000000000001,44.85000000000001
0.050,1965,222,1,10,43.85000000000001,44.85000000000001
0.050,1965,204,1,1,39.35000000000001,40.35000000000001
0.050,1965,222,1,10,43.85000000000001,44.85000000000001
0.050,1965,146,1,1,30.650000000000002,31.650000000000002
0.050,1965,38,1,12,6.75,7.75
0.050,1965,204,1,1,39.35000000000001,40.35000000000001
0.050,1965,222,1,10,43.85000000000001,44.85000000000001
0.050,1965,222,1,10,43.85000000000001,44.85000000000001
0.050,1965,204,1,1,39.35000000000001,40.35000000000001
0.050,1965,204,1,1,39.35000000000001,40.35000000000001
0.050,1965,204,1,1,39.35000000000001,40.35000000000001
0.050,1965,204,1,1,39.35000000000001,40.35000000000001
0.050,1965,308,1,3,68.75000000000001,69.75000000000001
0.050,1965,204,1,1,39.35000000000001,40.35000000000001
0.050,1965,204,1,1,39.35000000000001,40.35000000000001
0.050,1965,222,1,10,43.85000000000001,44.85000000000001
0.050,1965,204,1,1,39.35000000000001,40.35000000000001
0.050,1965,204,1,1,39.35000000000001,40.35000000000001
0.050,1965,222,1,10,43.85000000000001,44.85000000000001
0.050,1965,222,1,10,43.85000000000001,44.85000000000001
0.050,1965,222,1,10,43.85000000000001,44.85000000000001
0.050,1965,222,1,10,43.85000000000001,44.85000000000001
0.050,1965,204,1,1,39.35000000000001,40.35000000000001
0.050,1965,204,1,1,39.35000000000001,40.35000000000001
0.050,1965,204,1,1,39.35000000000001,40.35000000000001
0.050,1965,222,1,10,43.85000000000001,44.85000000000001
0.050,1965,222,1,10,43.85000000000001,44.85000000000001
0.050,1965,204,1,1,39.35000000000001,40.35000000000001
0.050,1965,222,1,10,43.85000000000001,44.85000000000001
0.050,1965,204,1,1,39.35000000000001,40.35000000000001
0.050,1965,204,1,1,39.35000000000001,40.35000000000001
0.050,1965,204,1,1,39.35000000000001,40.35000000000001
0.050,1965,38,1,12,6.75,7.75
0.050,1965,308,1,3,68.75000000000001,69.75000000000001
0.050,1965,204,1,1,39.35000000000001,40.35000000000001
0.050,1965,342,1,7,77.40000000000002,78.40000000000002
0.050,1965,204,1,1,39.35000000000001,40.35000000000001
0.050,1965,204,1,1,39.35000000000001,40.35000000000001
0.050,1965,204,1,1,39.35000000000001,40.35000000000001
0.050,1965,204,1,1,39.35000000000001,40.35000000000001
0.050,1965,222,1,10,43.85000000000001,44.85000000000001
0.050,1965,222,1,10,43.85000000000001,44.85000000000001
0.050,1965,204,1,1,39.35000000000001,40.35000000000001
0.050,1965,204,1,1,39.35000000000001,40.35000000000001
0.050,1965,204,1,1,39.35000000000001,40.35000000000001
0.050,1965,222,1,10,43.85000000000001,44.85000000000001
0.050,1965,204,1,1,39.35000000000001,40.35000000000001
0.050,1965,222,1,10,43.85000000000001,44.85000000000001
0.050,1965,308,1,3,68.75000000000001,69.75000000000001
0.050,1965,222,1,10,43.85000000000001,44.85000000000001
0.050,1965,222,1,10,43.85000000000001,44.85000000000001
0.050,1965,204,1,1,39.35000000000001,40.35000000000001
0.050,1965,222,1,10,43.85000000000001,44.85000000000001
0.050,1965,308,1,3,68.75000000000001,69.75000000000001
0.050,1965,222,1,10,43.85000000000001,44.85000000000001
0.050,1965,204,1,1,39.35000000000001,40.35000000000001
0.050,1965,204,1,1,39.35000000000001,40.35000000000001
0.050,1965,204,1,1,39.35000000000001,40.35000000000001
0.050,1965,250,1,9,50.35000000000001,51.85000000000001
0.050,1965,222,1,10,43.85000000000001,44.85000000000001
0.050,1965,204,1,1,39.35000000000001,40.35000000000001
0.055,30678,58,1,13,15.375,16.375
0.055,30678,58,1,13,15.375,16.375
0.055,30678,58,1,13,15.375,16.375
0.055,30678,58,1,13,15.375,16.375
0.055,30678,58,1,13,15.375,16.375
0.055,30678,257,1,2,47.78499999999999,48.16999999999999
0.055,30678,58,1,13,15.375,16.375
0.055,30678,58,1,13,15.375,16.375
0.055,30678,58,1,13,15.375,16.375
0.055,30678,58,1,13,15.375,16.375
0.055,30678,58,1,13,15.375,16.375
0.055,30678,257,1,3,47.78499999999999,48.16999999999999
0.055,30678,58,1,13,15.375,16.375
0.055,30678,58,1,13,15.375,16.375
0.055,30678,58,1,13,15.375,16.375
0.055,30678,257,1,2,47.78499999999999,48.16999999999999
0.055,30678,58,1,13,15.375,16.375
0.055,30678,257,1,2,47.78499999999999,48.16999999999999
0.055,30678,257,1,2,47.78499999999999,48.16999999999999
0.055,30678,257,1,3,47.78499999999999,48.16999999999999
0.055,30678,257,1,2,47.78499999999999,48.16999999999999
0.055,30678,58,1,13,15.375,16.375
0.055,30678,257,1,3,47.78499999999999,48.16999999999999
0.055,30678,257,1,3,47.78499999999999,48.16999999999999
0.055,30678,58,1,13,15.375,16.375
0.055,30678,58,1,13,15.375,16.375
0.055,30678,58,1,13,15.375,16.375
0.055,30678,58,1,13,15.375,16.375
0.055,30678,58,1,13,15.375,16.375
0.055,30678,140,1,7,31.080000000000002,32.08
0.055,30678,58,1,13,15.375,16.375
0.055,30678,58,1,13,15.375,16.375
0.055,30678,257,1,2,47.78499999999999,48.16999999999999
0.055,30678,58,1,13,15.375,16.375
0.055,30678,24,1,7,2,3
0.055,30678,58,1,13,15.375,16.375
0.055,30678,58,1,13,15.375,16.375
0.055,30678,58,1,13,15.375,16.375
0.055,30678,257,1,2,47.78499999999999,48.16999999999999
0.055,30678,58,1,13,15.375,16.375
0.055,30678,58,1,13,15.375,16.375
0.055,30678,58,1,13,15.375,16.375
0.055,30678,257,1,2,47.78499999999999,48.16999999999999
0.055,30678,58,1,13,15.375,16.375
0.055,30678,257,1,3,47.78499999999999,48.16999999999999
0.055,30678,58,1,13,15.375,16.375
0.055,30678,257,1,3,47.78499999999999,48.16999999999999
0.055,30678,257,1,2,47.78499999999999,48.16999999999999
0.055,30678,257,1,2,47.78499999999999,48.16999999999999
0.055,30678,257,1,2,47.78499999999999,48.16999999999999
0.055,30678,58,1,13,15.375,16.375
0.055,30678,58,1,13,15.375,16.375
0.055,30678,58,1,13,15.375,16.375
0.055,30678,257,1,2,47.78499999999999,48.16999999999999
0.055,30678,257,1,3,47.78499999999999,48.16999999999999
0.055,30678,58,1,13,15.375,16.375
0.055,30678,140,1,7,31.080000000000002,32.08
0.055,30678,58,1,13,15.375,16.375
0.055,30678,58,1,13,15.375,16.375
0.055,30678,257,1,2,47.78499999999999,48.16999999999999
0.055,30678,58,1,13,15.375,16.375
0.055,30678,58,1,13,15.375,16.375
0.055,30678,257,1,2,47.78499999999999,48.16999999999999
0.055,30678,58,1,13,15.375,16.375
0.055,30678,58,1,13,15.375,16.375
0.055,30678,58,1,13,15.375,16.375
0.055,30678,140,1,7,31.080000000000002,32.08
0.055,30678,58,1,13,15.375,16.375
0.055,30678,257,1,2,47.78499999999999,48.16999999999999
0.055,30678,58,1,13,15.375,16.375
0.055,30678,257,1,2,47.78499999999999,48.16999999999999
0.055,30678,58,1,13,15.375,16.375
0.055,30678,257,1,2,47.78499999999999,48.16999999999999
0.055,30678,58,1,13,15.375,16.375
0.055,30678,58,1,13,15.375,16.375
0.055,30678,58,1,13,15.375,16.375
0.055,30678,58,1,13,15.375,16.375
0.055,30678,257,1,3,47.78499999999999,48.16999999999999
0.055,30678,58,1,13,15.375,16.375
0.055,30678,257,1,3,47.78499999999999,48.16999999999999
0.055,30678,58,1,13,15.375,16.375
0.055,30678,257,1,3,47.78499999999999,48.16999999999999
0.055,30678,58,1,13,15.375,16.375
0.055,30678,257,1,3,47.78499999999999,48.16999999999999
0.055,30678,58,1,13,15.375,16.375
0.055,30678,58,1,13,15.375,16.375
0.055,30678,257,1,2,47.78499999999999,48.16999999999999
0.055,30678,257,1,3,47.78499999999999,48.16999999999999
0.055,30678,257,1,2,47.78499999999999,48.16999999999999
0.055,30678,257,1,2,47.78499999999999,48.16999999999999
0.055,30678,140,1,7,31.080000000000002,32.08
0.055,30678,58,1,13,15.375,16.375
0.055,30678,257,1,2,47.78499999999999,48.16999999999999
0.060,15681,22,1,6,8.78,9.78
0.060,15681,22,1,6,8.78,9.78
0.060,15681,50,1,8,17.44,18.5
0.060,15681,22,2,7,9.78,10.78
0.060,15681,50,1,8,17.44,18.5
0.060,15681,141,1,1,47.019999999999996,48.019999999999996
0.060,15681,22,1,6,8.78,9.78
0.060,15681,22,1,6,8.78,9.78
0.060,15681,22,2,7,9.78,10.78
0.060,15681,141,1,1,47.019999999999996,48.019999999999996
0.060,15681,22,2,7,9.78,10.78
0.060,15681,50,1,8,17.44,18.5
0.060,15681,22,1,6,8.78,9.78
0.060,15681,22,1,6,8.78,9.78
0.060,15681,22,1,6,8.78,9.78
0.060,15681,22,1,6,8.78,9.78
0.060,15681,22,1,6,8.78,9.78
0.060,15681,50,1,8,17.44,18.5
0.060,15681,50,1,8,17.44,18.5
0.060,15681,22,1,6,8.78,9.78
0.060,15681,50,1,8,17.44,18.5
0.060,15681,22,2,7,9.78,10.78
0.060,15681,22,2,7,9.78,10.78
0.060,15681,33,1,1,11.78,12.78
0.060,15681,22,2,7,9.78,10.78
0.060,15681,33,1,1,11.78,12.78
0.060,15681,141,1,1,47.019999999999996,48.019999999999996
0.060,15681,22,2,7,9.78,10.78
0.060,15681,22,1,6,8.78,9.78
0.060,15681,22,2,7,9.78,10.78
0.060,15681,22,1,6,8.78,9.78
0.060,15681,50,1,8,17.44,18.5
0.060,15681,22,1,6,8.78,9.78
0.060,15681,22,2,7,9.78,10.78
0.060,15681,22,1,6,8.78,9.78
0.060,15681,22,2,7,9.78,10.78
0.060,15681,22,2,7,9.78,10.78
0.060,15681,50,1,8,17.44,18.5
0.060,15681,22,1,6,8.78,9.78
0.060,15681,50,1,8,17.44,18.5
0.060,15681,50,1,8,17.44,18.5
0.060,15681,22,1,6,8.78,9.78
0.060,15681,141,1,1,47.019999999999996,48.019999999999996
0.060,15681,33,1,1,11.78,12.78
0.060,15681,50,1,8,17.44,18.5
0.060,15681,50,1,8,17.44,18.5
0.060,15681,50,1,8,17.44,18.5
0.060,15681,22,1,6,8.78,9.78
0.060,15681,22,2,7,9.78,10.78
0.060,15681,22,1,6,8.78,9.78
0.060,15681,22,2,7,9.78,10.78
0.060,15681,22,1,6,8.78,9.78
0.060,15681,50,1,8,17.44,18.5
0.060,15681,22,2,7,9.78,10.78
0.060,15681,22,2,7,9.78,11.78
0.060,15681,22,1,6,8.78,9.78
0.060,15681,22,2,7,9.78,10.78
0.060,15681,22,2,7,9.78,10.78
0.060,15681,22,2,7,9.78,10.78
0.060,15681,22,1,6,8.78,9.78
0.060,15681,50,1,8,17.44,18.5
0.060,15681,22,1,6,8.78,9.78
0.060,15681,90,1,2,28.28,29.28
0.060,15681,22,2,7,9.78,10.78
0.060,15681,50,1,8,17.44,18.5
0.060,15681,22,2,7,9.78,10.78
0.060,15681,22,2,7,9.78,10.78
0.060,15681,22,1,6,8.78,9.78
0.060,15681,22,2,7,9.78,10.78
0.060,15681,90,1,2,28.28,29.28
0.060,15681,22,2,7,9.78,10.78
0.060,15681,22,1,6,8.78,9.78
0.060,15681,143,1,5,49.019999999999996,50.019999999999996
0.060,15681,50,1,8,17.44,18.5
0.060,15681,50,1,8,17.44,18.5
0.060,15681,22,1,6,8.78,9.78
0.060,15681,22,1,6,8.78,9.78
0.060,15681,50,1,8,17.44,18.5
0.060,15681,22,2,7,9.78,10.78
0.060,15681,22,1,6,8.78,9.78
0.060,15681,22,1,6,8.78,9.78
0.060,15681,50,1,8,17.44,18.5
0.060,15681,50,1,8,17.44,18.5
0.060,15681,22,1,6,8.78,9.78
0.060,15681,22,2,7,9.78,10.78
0.060,15681,22,1,6,8.78,9.78
0.060,15681,22,1,6,8.78,9.78
0.060,15681,22,1,6,8.78,9.78
0.060,15681,22,2,7,9.78,10.78
0.060,15681,50,1,8,17.44,18.5
0.060,15681,22,2,7,9.78,10.78
0.060,15681,50,1,8,17.44,18.5
0.060,15681,33,1,1,11.78,12.78
0.060,15681,22,1,6,8.78,9.78
0.060,15681,50,1,8,17.44,18.5
0.065,30599,3,1,1,3,4
0.065,30599,3,1,1,3,4
0.065,30599,56,1,1,16.17,17.495
0.065,30599,3,1,1,3,4
0.065,30599,56,1,1,16.17,17.495
0.065,30599,3,1,1,3,4
0.065,30599,56,1,1,16.17,17.495
0.065,30599,3,1,1,3,4
0.065,30599,56,1,1,16.17,17.495
0.065,30599,56,1,1,16.17,17.495
0.065,30599,170,1,8,38.9,39.9
0.065,30599,3,1,1,3,4
0.065,30599,3,1,1,3,4
0.065,30599,56,1,1,16.17,17.495
0.065,30599,3,1,1,3,4
0.065,30599,3,1,1,3,4
0.065,30599,212,1,1,51.265,52.525
0.065,30599,3,1,1,3,4
0.065,30599,3,1,1,3,4
0.065,30599,3,1,1,3,4
0.065,30599,111,1,1,23.95,25.21
0.065,30599,56,1,1,16.17,17.495
0.065,30599,3,1,1,3,4
0.065,30599,3,1,1,3,4
0.065,30599,111,1,1,23.95,25.21
0.065,30599,3,1,1,3,4
0.065,30599,111,1,1,23.95,25.21
0.065,30599,3,1,1,3,4
0.065,30599,212,1,1,51.265,52.525
0.065,30599,3,1,1,3,4
0.065,30599,105,1,6,22.95,23.95
0.065,30599,3,1,1,3,4
0.065,30599,330,1,20,79.51499999999999,80.51499999999999
0.065,30599,3,1,1,3,4
0.065,30599,3,1,1,3,4
0.065,30599,56,1,1,16.17,17.495
0.065,30599,56,1,1,16.17,17.495
0.065,30599,111,1,1,23.95,25.21
0.065,30599,3,1,1,3,4
0.065,30599,3,1,1,3,4
0.065,30599,3,1,1,3,4
0.065,30599,3,1,1,3,4
0.065,30599,3,1,1,3,4
0.065,30599,3,1,1,3,4
0.065,30599,3,1,1,3,4
0.065,30599,3,1,1,3,4
0.065,30599,56,1,1,16.17,17.495
0.065,30599,3,1,1,3,4
0.065,30599,170,1,8,38.9,39.9
0.065,30599,3,1,1,3,4
0.065,30599,3,1,1,3,4
0.065,30599,111,1,1,23.95,25.21
0.065,30599,3,1,1,3,4
0.065,30599,3,1,1,3,4
0.065,30599,3,1,1,3,4
0.065,30599,3,1,1,3,4
0.065,30599,56,1,1,16.17,17.495
0.065,30599,3,1,1,3,4
0.065,30599,3,1,1,3,4
0.065,30599,111,1,1,23.95,25.21
0.065,30599,3,1,1,3,4
0.065,30599,56,1,1,16.17,17.495
0.065,30599,105,1,6,22.95,23.95
0.065,30599,111,1,1,23.95,25.21
0.065,30599,3,1,1,3,4
0.065,30599,3,1,1,3,4
0.065,30599,3,1,1,3,4
0.065,30599,212,1,1,51.265,52.525
0.065,30599,3,1,1,3,4
0.065,30599,330,1,20,79.51499999999999,80.51499999999999
0.065,30599,3,1,1,3,4
0.065,30599,111,1,1,23.95,25.21
0.065,30599,3,1,1,3,4
0.065,30599,111,1,1,23.95,25.21
0.065,30599,3,1,1,3,4
0.065,30599,3,1,1,3,4
0.065,30599,56,1,1,16.17,17.495
0.065,30599,212,1,1,51.265,52.525
0.065,30599,111,1,1,23.95,25.21
0.065,30599,212,1,1,51.265,52.525
0.065,30599,3,1,1,3,4
0.065,30599,111,1,1,23.95,25.21
0.065,30599,3,1,1,3,4
0.065,30599,170,1,8,38.9,39.9
0.065,30599,56,1,1,16.17,17.495
0.065,30599,3,1,1,3,4
0.065,30599,170,1,8,38.9,39.9
0.070,13365,3,2,6,3,4
0.070,13365,3,1,5,2,3
0.070,13365,96,1,5,30.17,30.310000000000002
0.070,13365,17,1,2,7,8.35
0.070,13365,3,1,5,2,3
0.070,13365,64,1,3,20.26,21.26
0.070,13365,3,1,5,2,3
0.070,13365,3,1,5,2,3
0.070,13365,9,1,5,4,5
0.070,13365,3,1,5,2,3
0.070,13365,9,1,5,4,5
0.070,13365,3,1,5,2,3
0.070,13365,9,1,5,4,5
0.070,13365,9,1,5,4,5
0.070,13365,96,1,5,30.17,30.310000000000002
0.070,13365,3,1,5,2,3
0.070,13365,3,1,5,2,3
0.070,13365,64,1,3,20.26,21.26
0.070,13365,3,1,5,2,3
0.070,13365,9,1,5,4,5
0.070,13365,3,1,5,2,3
0.070,13365,3,1,5,2,3
0.070,13365,3,1,5,2,3
0.070,13365,3,1,5,2,3
0.070,13365,3,1,5,2,3
0.070,13365,3,1,5,2,3
0.070,13365,3,1,5,2,3
0.070,13365,3,1,5,2,3
0.070,13365,3,1,5,2,3
0.070,13365,3,1,5,2,3
0.070,13365,9,1,5,4,5
0.070,13365,3,1,5,2,3
0.070,13365,3,1,5,2,3
0.070,13365,64,1,3,20.26,21.26
0.070,13365,9,1,5,4,5
0.070,13365,3,1,5,2,3
0.070,13365,9,1,7,4,5
0.070,13365,9,1,5,4,5
0.070,13365,3,1,5,2,3
0.070,13365,3,1,5,2,3
0.070,13365,3,1,5,2,3
0.070,13365,3,1,5,2,3
0.070,13365,3,1,5,2,3
0.070,13365,3,1,5,2,3
0.070,13365,3,1,5,2,3
0.070,13365,3,1,5,2,3
0.070,13365,3,1,5,2,3
0.070,13365,3,2,6,3,4
0.070,13365,3,1,5,2,3
0.070,13365,3,1,5,2,3
0.070,13365,3,1,5,2,3
0.070,13365,64,1,3,20.26,21.26
0.070,13365,3,1,5,2,3
0.070,13365,3,1,5,2,3
0.070,13365,9,1,5,4,5
0.070,13365,9,1,5,4,5
0.070,13365,3,1,5,2,3
0.070,13365,3,1,5,2,3
0.070,13365,3,1,5,2,3
0.070,13365,3,1,5,2,3
0.070,13365,3,1,5,2,3
0.070,13365,17,1,2,7,8.35
0.070,13365,64,1,3,20.26,21.26
0.070,13365,3,2,6,3,4
0.070,13365,3,1,5,2,3
0.070,13365,9,1,5,4,5
0.070,13365,3,1,5,2,3
0.070,13365,3,1,5,2,3
0.070,13365,17,1,2,7,8.35
0.070,13365,3,1,5,2,3
0.070,13365,3,1,5,2,3
0.070,13365,3,1,5,2,3
0.070,13365,3,1,5,2,3
0.070,13365,3,1,5,2,3
0.070,13365,9,1,5,4,5
0.070,13365,3,1,5,2,3
0.070,13365,3,1,5,2,3
0.070,13365,3,1,5,2,3
0.070,13365,9,1,5,4,5
0.070,13365,9,1,5,4,5
0.070,13365,3,1,5,2,3
0.070,13365,3,1,5,2,3
0.070,13365,9,1,5,4,5
0.070,13365,9,1,5,4,5
0.070,13365,3,1,5,2,3
0.070,13365,3,1,5,2,3
0.070,13365,3,1,5,2,3
0.070,13365,3,1,5,2,3
0.070,13365,3,1,5,2,3
0.070,13365,3,1,5,2,3
0.070,13365,3,1,5,2,3
0.070,13365,3,1,5,2,3
0.070,13365,3,1,5,2,3
0.070,13365,3,1,5,2,3
0.070,13365,3,1,5,2,3
0.075,20141,20,1,1,5.75,5.975
0.075,20141,20,1,1,5.75,5.975
0.075,20141,20,1,1,5.75,5.975
0.075,20141,20,1,2,5.975,6.975
0.075,20141,20,1,1,5.75,5.825
0.075,20141,20,1,1,5.75,5.825
0.075,20141,32,1,5,10.975,11.975
0.075,20141,20,1,1,5.75,5.825
0.075,20141,32,1,5,10.975,11.975
0.075,20141,20,1,1,5.75,5.825
0.075,20141,20,1,1,5.75,5.825
0.075,20141,20,1,1,5.75,5.825
0.075,20141,32,1,5,10.975,11.975
0.075,20141,20,1,1,5.75,5.825
0.075,20141,20,1,1,5.75,5.825
0.075,20141,20,1,1,5.75,5.975
0.075,20141,20,1,1,5.75,5.975
0.075,20141,20,1,1,5.75,5.825
0.075,20141,20,1,2,5.975,6.975
0.075,20141,20,1,1,5.75,5.825
0.075,20141,20,1,1,5.75,5.975
0.075,20141,20,1,1,5.75,5.825
0.075,20141,20,1,1,5.75,5.975
0.075,20141,20,1,1,5.75,5.975
0.075,20141,20,1,1,5.75,5.825
0.075,20141,20,1,1,5.75,5.825
0.075,20141,20,1,1,5.75,5.975
0.075,20141,20,1,1,5.75,5.975
0.075,20141,20,1,1,5.75,5.975
0.075,20141,20,1,1,5.75,5.825
0.075,20141,20,1,1,5.75,5.825
0.075,20141,20,1,1,5.75,5.825
0.075,20141,20,1,1,5.75,5.975
0.075,20141,20,1,1,5.75,5.825
0.075,20141,46,1,3,14.275,15.275
0.075,20141,20,1,1,5.75,5.825
0.075,20141,20,1,1,5.75,5.825
0.075,20141,20,1,1,5.75,5.825
0.075,20141,32,1,5,10.975,11.975
0.075,20141,20,1,1,5.75,5.825
0.075,20141,20,1,1,5.75,5.975
0.075,20141,20,1,1,5.75,5.825
0.075,20141,32,1,5,10.975,11.975
0.075,20141,20,1,1,5.75,5.825
0.075,20141,32,1,5,10.975,11.975
0.075,20141,32,1,5,10.975,11.975
0.075,20141,32,1,5,10.975,11.975
0.075,20141,20,1,1,5.825,6.975
0.075,20141,20,1,1,5.75,5.825
0.075,20141,20,1,1,5.75,5.825
0.075,20141,20,1,1,5.75,5.975
0.075,20141,20,1,1,5.75,5.825
0.075,20141,20,1,1,5.75,5.825
0.075,20141,20,1,1,5.75,5.975
0.075,20141,32,1,5,10.975,11.975
0.075,20141,20,1,1,5.75,5.825
0.075,20141,20,1,1,5.75,5.825
0.075,20141,20,1,1,5.75,5.825
0.075,20141,20,1,1,5.75,5.975
0.075,20141,20,1,1,5.75,5.825
0.075,20141,20,1,1,5.75,5.825
0.075,20141,20,1,1,5.75,5.975
0.075,20141,20,1,1,5.75,5.825
0.075,20141,32,1,5,10.975,11.975
0.075,20141,32,1,5,10.975,11.975
0.075,20141,20,1,1,5.75,5.825
0.075,20141,20,1,1,5.75,5.975
0.075,20141,20,1,1,5.75,5.975
0.075,20141,20,1,1,5.75,5.825
0.075,20141,20,1,1,5.75,5.825
0.075,20141,20,1,1,5.75,5.975
0.075,20141,20,1,1,5.75,5.825
0.075,20141,20,1,1,5.75,5.975
0.075,20141,32,1,5,10.975,11.975
0.075,20141,32,1,5,10.975,11.975
0.075,20141,20,1,1,5.75,5.975
0.075,20141,20,1,1,5.75,5.825
0.075,20141,20,1,1,5.75,5.975
0.075,20141,32,1,5,10.975,11.975
0.075,20141,20,1,1,5.75,5.825
0.075,20141,20,1,1,5.75,5.825
0.075,20141,20,1,1,5.75,5.825
0.075,20141,20,1,1,5.75,5.975
0.075,20141,32,1,5,10.975,11.975
0.075,20141,20,1,1,5.75,5.825
0.075,20141,20,1,1,5.75,5.825
0.075,20141,20,1,1,5.75,5.825
0.075,20141,20,1,1,5.75,5.825
0.075,20141,32,1,5,10.975,11.975
0.075,20141,20,1,1,5.75,5.825
0.075,20141,20,1,1,5.75,5.825
0.080,1704,53,1,3,18.520000000000003,19.6
0.080,1704,28,1,1,8.8,9.8
0.080,1704,28,1,1,8.8,9.8
0.080,1704,28,1,1,8.8,9.8
0.080,1704,28,1,1,8.8,9.8
0.080,1704,53,1,3,18.520000000000003,19.6
0.080,1704,53,1,3,18.520000000000003,19.6
0.080,1704,28,1,1,8.8,9.8
0.080,1704,53,1,3,18.520000000000003,19.6
0.080,1704,117,1,4,41.2,41.28
0.080,1704,28,1,1,8.8,9.8
0.080,1704,28,1,1,8.8,9.8
0.080,1704,53,1,3,18.520000000000003,19.6
0.080,1704,56,1,7,19.6,20.6
0.080,1704,28,1,1,8.8,9.8
0.080,1704,28,1,1,8.8,9.8
0.080,1704,53,1,3,18.520000000000003,19.6
0.080,1704,103,1,2,34.88,35.88
0.080,1704,117,1,4,41.2,41.28
0.080,1704,28,1,1,8.8,9.8
0.080,1704,28,1,1,8.8,9.8
0.080,1704,53,1,3,18.520000000000003,19.6
0.080,1704,28,1,1,8.8,9.8
0.080,1704,28,1,1,8.8,9.8
0.080,1704,53,1,3,18.520000000000003,19.6
0.080,1704,28,1,1,8.8,9.8
0.080,1704,53,1,3,18.520000000000003,19.6
0.080,1704,28,1,1,8.8,9.8
0.080,1704,53,1,3,18.520000000000003,19.6
0.080,1704,53,1,3,18.520000000000003,19.6
0.080,1704,53,1,3,18.520000000000003,19.6
0.080,1704,56,1,7,19.6,20.6
0.080,1704,28,1,1,8.8,9.8
0.080,1704,53,1,3,18.520000000000003,19.6
0.080,1704,28,1,1,8.8,9.8
0.080,1704,53,1,3,18.520000000000003,19.6
0.080,1704,28,1,1,8.8,9.8
0.080,1704,53,1,3,18.520000000000003,19.6
0.080,1704,28,1,1,8.8,9.8
0.080,1704,53,1,3,18.520000000000003,19.6
0.080,1704,117,1,4,41.2,41.28
0.080,1704,28,1,1,8.8,9.8
0.080,1704,28,1,1,8.8,9.8
0.080,1704,53,1,3,18.520000000000003,19.6
0.080,1704,53,1,3,18.520000000000003,19.6
0.080,1704,53,1,3,18.520000000000003,19.6
0.080,1704,53,1,3,18.520000000000003,19.6
0.080,1704,28,1,1,8.8,9.8
0.080,1704,53,1,3,18.520000000000003,19.6
0.080,1704,53,1,3,18.520000000000003,19.6
0.080,1704,53,1,3,18.520000000000003,19.6
0.080,1704,53,1,3,18.520000000000003,19.6
0.080,1704,56,1,7,19.6,20.6
0.080,1704,28,1,1,8.8,9.8
0.080,1704,53,1,3,18.520000000000003,19.6
0.080,1704,53,1,3,18.520000000000003,19.6
0.080,1704,53,1,3,18.520000000000003,19.6
0.080,1704,56,1,7,19.6,20.6
0.080,1704,53,1,3,18.520000000000003,19.6
0.080,1704,53,1,3,18.520000000000003,19.6
0.080,1704,28,1,1,8.8,9.8
0.080,1704,53,1,3,18.520000000000003,19.6
0.080,1704,28,1,1,8.8,9.8
0.080,1704,53,1,3,18.520000000000003,19.6
0.080,1704,53,1,3,18.520000000000003,19.6
0.080,1704,53,1,3,18.520000000000003,19.6
0.080,1704,53,1,3,18.520000000000003,19.6
0.080,1704,28,1,1,8.8,9.8
0.080,1704,28,1,1,8.8,9.8
0.080,1704,56,1,7,19.6,20.6
0.080,1704,53,1,3,18.520000000000003,19.6
0.080,1704,53,1,3,18.520000000000003,19.6
0.080,1704,28,1,1,8.8,9.8
0.080,1704,28,1,1,8.8,9.8
0.080,1704,53,1,3,18.520000000000003,19.6
0.080,1704,28,1,1,8.8,9.8
0.080,1704,53,1,3,18.520000000000003,19.6
0.080,1704,53,1,3,18.520000000000003,19.6
0.080,1704,53,1,3,18.520000000000003,19.6
0.080,1704,53,1,3,18.520000000000003,19.6
0.080,1704,28,1,1,8.8,9.8
0.080,1704,53,1,3,18.520000000000003,19.6
0.080,1704,56,1,7,19.6,20.6
0.080,1704,53,1,3,18.520000000000003,19.6
0.080,1704,28,1,1,8.8,9.8
0.080,1704,28,1,1,8.8,9.8
0.080,1704,28,1,1,8.8,9.8
0.080,1704,53,1,3,18.520000000000003,19.6
0.080,1704,28,1,1,8.8,9.8
0.080,1704,53,1,3,18.520000000000003,19.6
0.080,1704,53,1,3,18.520000000000003,19.6
0.080,1704,103,1,2,34.88,35.88
0.080,1704,28,1,1,8.8,9.8
0.080,1704,28,1,1,8.8,9.8
0.085,7845,50,1,5,13.870000000000001,15.295000000000002
0.085,7845,26,1,3,8.105,9.105
0.085,7845,79,1,3,20.57,21.57
0.085,7845,0,1,3,1,2
0.085,7845,26,1,3,8.105,9.105
0.085,7845,79,1,3,20.57,21.57
0.085,7845,0,1,3,1,2
0.085,7845,26,1,3,8.105,9.105
0.085,7845,50,1,5,13.870000000000001,15.295000000000002
0.085,7845,79,1,3,20.57,21.57
0.085,7845,26,1,3,8.105,9.105
0.085,7845,50,1,5,13.870000000000001,15.295000000000002
0.085,7845,79,1,3,20.57,21.57
0.085,7845,0,1,3,1,2
0.085,7845,138,1,3,38.375,39.46
0.085,7845,26,1,3,8.105,9.105
0.085,7845,50,1,5,13.870000000000001,15.295000000000002
0.085,7845,0,1,3,1,2
0.085,7845,26,1,3,8.105,9.105
0.085,7845,24,1,4,7.1049999999999995,8.105
0.085,7845,50,1,5,13.870000000000001,15.295000000000002
0.085,7845,138,1,3,38.375,39.46
0.085,7845,50,1,5,13.870000000000001,15.295000000000002
0.085,7845,26,1,3,8.105,9.105
0.085,7845,101,1,13,28.59,29.59
0.085,7845,26,1,3,8.105,9.105
0.085,7845,26,1,3,8.105,9.105
0.085,7845,79,1,3,20.57,21.57
0.085,7845,79,1,3,20.57,21.57
0.085,7845,26,1,3,8.105,9.105
0.085,7845,26,1,3,8.105,9.105
0.085,7845,79,1,3,20.57,21.57
0.085,7845,26,1,3,8.105,9.105
0.085,7845,26,1,3,8.105,9.105
0.085,7845,79,1,3,20.57,21.57
0.085,7845,0,1,3,1,2
0.085,7845,26,1,3,8.105,9.105
0.085,7845,0,1,3,1,2
0.085,7845,26,1,3,8.105,9.105
0.085,7845,79,1,3,20.57,21.57
0.085,7845,50,1,5,13.870000000000001,15.295000000000002
0.085,7845,26,1,3,8.105,9.105
0.085,7845,26,1,3,8.105,9.105
0.085,7845,50,1,5,13.870000000000001,15.295000000000002
0.085,7845,26,1,3,8.105,9.105
0.085,7845,138,1,3,38.375,39.46
0.085,7845,79,1,3,20.57,21.57
0.085,7845,50,1,5,13.870000000000001,15.295000000000002
0.085,7845,79,1,3,20.57,21.57
0.085,7845,26,1,3,8.105,9.105
0.085,7845,50,1,5,13.870000000000001,15.295000000000002
0.085,7845,50,1,5,13.870000000000001,15.295000000000002
0.085,7845,50,1,5,13.870000000000001,15.295000000000002
0.085,7845,26,1,3,8.105,9.105
0.085,7845,50,1,5,13.870000000000001,15.295000000000002
0.085,7845,26,1,3,8.105,9.105
0.085,7845,26,1,3,8.105,9.105
0.085,7845,26,1,3,8.105,9.105
0.085,7845,26,1,3,8.105,9.105
0.085,7845,138,1,3,38.375,38.46
0.085,7845,138,1,3,38.375,38.46
0.085,7845,26,1,3,8.105,9.105
0.085,7845,138,1,3,38.375,38.46
0.085,7845,26,1,3,8.105,9.105
0.085,7845,79,1,3,20.57,21.57
0.085,7845,79,1,3,20.57,21.57
0.085,7845,26,1,3,8.105,9.105
0.085,7845,26,1,3,8.105,9.105
0.085,7845,0,1,3,1,2
0.085,7845,79,1,3,20.57,21.57
0.085,7845,26,1,3,8.105,9.105
0.085,7845,26,1,3,8.105,9.105
0.085,7845,79,1,3,20.57,21.57
0.085,7845,26,1,3,8.105,9.105
0.085,7845,26,1,3,8.105,9.105
0.085,7845,50,1,5,13.870000000000001,15.295000000000002
0.085,7845,79,1,3,20.57,21.57
0.085,7845,26,1,3,8.105,9.105
0.085,7845,138,1,3,38.375,38.46
0.085,7845,26,1,3,8.105,9.105
0.085,7845,138,1,3,38.375,38.46
0.085,7845,26,1,3,8.105,9.105
0.085,7845,138,1,3,38.375,38.46
0.085,7845,26,1,3,8.105,9.105
0.085,7845,79,1,3,20.57,21.57
0.085,7845,26,1,4,8.105,9.105
0.085,7845,26,1,4,8.105,9.105
0.085,7845,26,1,3,8.105,9.105
0.085,7845,26,1,3,8.105,9.105
0.085,7845,50,1,5,13.870000000000001,15.295000000000002
0.085,7845,79,1,3,20.57,21.57
0.085,7845,26,1,3,8.105,9.105
0.085,7845,26,1,3,8.105,9.105
0.085,7845,50,1,5,13.870000000000001,15.295000000000002
0.085,7845,26,1,3,8.105,9.105
0.085,7845,79,1,3,20.57,21.57
0.085,7845,26,1,3,8.105,9.105
0.085,7845,79,1,3,20.57,21.57
0.090,459,0,1,2,1,2
0.090,459,0,1,2,1,2
0.090,459,0,1,2,1,2
0.090,459,0,1,2,1,2
0.090,459,0,1,2,1,2
0.090,459,0,2,5,2,3
0.090,459,0,2,5,2,3
0.090,459,0,1,2,1,2
0.090,459,0,2,5,2,3
0.090,459,30,1,7,9.17,10.17
0.090,459,0,2,5,2,3
0.090,459,0,2,5,2,3
0.090,459,0,1,2,1,2
0.090,459,0,2,5,2,3
0.090,459,0,1,2,1,2
0.090,459,30,1,7,9.17,10.17
0.090,459,30,1,7,9.17,10.17
0.090,459,30,1,7,9.17,10.17
0.090,459,0,1,2,1,2
0.090,459,0,2,5,2,3
0.090,459,0,1,2,1,2
0.090,459,30,1,7,9.17,10.17
0.090,459,0,2,5,2,3
0.090,459,0,2,5,2,3
0.090,459,0,1,2,1,2
0.090,459,0,1,2,1,2
0.090,459,0,2,5,2,3
0.090,459,0,2,5,2,3
0.090,459,0,1,2,1,2
0.090,459,134,1,4,38.58,39.94
0.090,459,0,1,2,1,2
0.090,459,0,1,2,1,2
0.090,459,0,1,2,1,2
0.090,459,0,2,5,2,3
0.090,459,134,1,4,38.58,39.94
0.090,459,134,1,4,38.58,39.94
0.090,459,0,1,2,1,2
0.090,459,0,1,2,1,2
0.090,459,0,1,2,1,2
0.090,459,0,1,2,1,2
0.090,459,0,1,2,1,2
0.090,459,0,1,2,1,2
0.090,459,0,2,5,2,3
0.090,459,0,1,2,1,2
0.090,459,30,1,7,9.17,10.17
0.090,459,0,1,2,1,2
0.090,459,0,2,5,2,3
0.090,459,0,2,5,2,3
0.090,459,0,1,2,1,2
0.090,459,30,1,7,9.17,10.17
0.090,459,204,1,7,66.55,67.55
0.090,459,0,2,5,2,3
0.090,459,0,1,2,1,2
0.090,459,0,2,5,2,3
0.090,459,0,1,2,1,2
0.090,459,0,1,2,1,2
0.090,459,0,2,5,2,3
0.090,459,167,1,2,52.57,53.57
0.090,459,0,1,2,1,2
0.090,459,0,2,5,2,3
0.090,459,0,2,5,2,3
0.090,459,0,1,2,1,2
0.090,459,0,2,5,2,3
0.090,459,0,2,5,2,3
0.090,459,72,1,3,19.15,20.15
0.090,459,30,1,7,9.17,10.17
0.090,459,0,2,5,2,3
0.090,459,0,1,2,1,2
0.090,459,0,1,2,1,2
0.090,459,158,1,1,45.94,46.94
0.090,459,0,1,2,1,2
0.090,459,0,2,5,2,3
0.090,459,0,2,5,2,3
0.090,459,0,2,5,2,3
0.090,459,0,1,2,1,2
0.090,459,0,2,5,2,3
0.090,459,0,2,5,2,3
0.090,459,158,1,1,45.94,46.94
0.090,459,80,1,4,23.869999999999997,24.869999999999997
0.090,459,0,1,2,1,2
0.090,459,0,2,5,2,3
0.090,459,0,1,2,1,2
0.090,459,0,1,2,1,2
0.090,459,0,2,5,2,3
0.090,459,0,2,5,2,3
0.090,459,0,1,2,1,2
0.090,459,0,2,5,2,3
0.090,459,0,2,5,2,3
0.090,459,0,2,5,2,3
0.090,459,0,2,5,2,3
0.090,459,0,1,2,1,2
0.090,459,0,2,5,2,3
0.090,459,0,1,2,1,2
0.090,459,0,1,2,1,2
0.090,459,0,2,5,2,3
0.090,459,0,1,2,1,2
0.095,14913,58,1,5,12.995,13.995
0.095,14913,58,1,5,12.995,13.995
0.095,14913,58,1,5,12.995,13.995
0.095,14913,84,1,2,21.659999999999997,22.659999999999997
0.095,14913,11,1,1,4,5
0.095,14913,6,1,5,3,4
0.095,14913,6,1,5,3,4
0.095,14913,58,1,5,12.995,13.995
0.095,14913,89,1,2,23.659999999999997,24.659999999999997
0.095,14913,6,1,5,3,4
0.095,14913,58,1,5,12.995,13.995
0.095,14913,6,1,5,3,4
0.095,14913,84,1,2,21.659999999999997,22.659999999999997
0.095,14913,11,1,1,4,5
0.095,14913,58,1,5,12.995,13.995
0.095,14913,6,1,5,3,4
0.095,14913,58,1,5,12.995,13.995
0.095,14913,58,1,5,12.995,13.995
0.095,14913,58,1,5,12.995,13.995
0.095,14913,58,1,5,12.995,13.995
0.095,14913,58,1,5,12.995,13.995
0.095,14913,84,1,2,21.659999999999997,22.659999999999997
0.095,14913,11,1,1,4,5
0.095,14913,84,1,2,21.659999999999997,22.659999999999997
0.095,14913,58,1,5,12.995,13.995
0.095,14913,6,1,5,3,4
0.095,14913,58,1,5,12.995,13.995
0.095,14913,58,1,5,12.995,13.995
0.095,14913,6,1,5,3,4
0.095,14913,84,1,2,21.659999999999997,22.659999999999997
0.095,14913,6,1,5,3,4
0.095,14913,6,1,5,3,4
0.095,14913,58,1,5,12.995,13.995
0.095,14913,58,1,5,12.995,13.995
0.095,14913,6,1,5,3,4
0.095,14913,137,1,3,35.655,37.415
0.095,14913,58,1,5,12.995,13.995
0.095,14913,6,1,5,3,4
0.095,14913,58,1,5,12.995,13.995
0.095,14913,6,1,5,3,4
0.095,14913,89,1,2,23.659999999999997,24.659999999999997
0.095,14913,58,2,7,13.995,14.995
0.095,14913,6,1,5,3,4
0.095,14913,6,1,5,3,4
0.095,14913,84,1,2,21.659999999999997,22.659999999999997
0.095,14913,6,1,5,3,4
0.095,14913,6,1,5,3,4
0.095,14913,6,1,5,3,4
0.095,14913,11,1,1,4,5
0.095,14913,11,1,1,4,5
0.095,14913,6,1,5,3,4
0.095,14913,58,1,5,12.995,13.995
0.095,14913,6,1,5,3,4
0.095,14913,6,1,5,3,4
0.095,14913,58,1,5,12.995,13.995
0.095,14913,6,1,5,3,4
0.095,14913,6,1,5,3,4
0.095,14913,11,1,1,4,5
0.095,14913,6,1,5,3,4
0.095,14913,84,1,2,21.659999999999997,22.659999999999997
0.095,14913,58,1,5,12.995,13.995
0.095,14913,11,1,1,4,5
0.095,14913,58,1,5,12.995,13.995
0.095,14913,6,1,5,3,4
0.095,14913,6,1,5,3,4
0.095,14913,84,1,2,21.659999999999997,22.659999999999997
0.095,14913,6,1,5,3,4
0.095,14913,84,1,2,21.659999999999997,22.659999999999997
0.095,14913,6,1,5,3,4
0.095,14913,58,1,5,12.995,13.995
0.095,14913,58,1,5,12.995,13.995
0.095,14913,58,1,5,12.995,13.995
0.095,14913,6,1,5,3,4
0.095,14913,11,1,1,4,5
0.095,14913,6,1,5,3,4
0.095,14913,58,1,5,12.995,13.995
0.095,14913,84,1,2,21.659999999999997,22.659999999999997
0.095,14913,6,1,5,3,4
0.095,14913,6,1,5,3,4
0.095,14913,58,1,5,12.995,13.995
0.095,14913,6,1,5,3,4
0.095,14913,6,1,5,3,4
0.095,14913,6,1,5,3,4
0.095,14913,84,1,2,21.659999999999997,22.659999999999997
0.095,14913,11,1,1,4,5
0.095,14913,58,1,5,12.995,13.995
0.095,14913,58,1,5,12.995,13.995
0.095,14913,58,1,5,12.995,13.995
0.095,14913,89,1,2,23.659999999999997,24.659999999999997
0.095,14913,58,1,5,12.995,13.995
0.095,14913,6,1,5,3,4
0.095,14913,89,1,2,23.659999999999997,24.659999999999997
0.095,14913,84,1,2,21.659999999999997,22.659999999999997
0.095,14913,58,1,5,12.995,13.995
0.095,14913,6,1,5,3,4
0.095,14913,84,1,2,21.659999999999997,22.659999999999997
0.100,17042,93,1,1,35.3,36.3
0.100,17042,86,1,5,33.3,34.3
0.100,17042,35,1,2,13.7,14.7
0.100,17042,202,1,6,63.8,64.8
0.100,17042,76,1,4,28.599999999999998,30.2
0.100,17042,76,1,4,28.599999999999998,30.2
0.100,17042,36,1,4,14.7,16.5
0.100,17042,76,1,4,28.599999999999998,29.9
0.100,17042,76,1,4,28.599999999999998,29.9
0.100,17042,94,1,3,36.3,37.3
0.100,17042,76,1,4,28.599999999999998,30.2
0.100,17042,86,1,5,33.3,34.3
0.100,17042,86,1,5,33.3,34.3
0.100,17042,76,1,4,28.599999999999998,30.2
0.100,17042,86,1,5,33.3,34.3
0.100,17042,86,1,5,33.3,34.3
0.100,17042,94,1,3,36.3,37.3
0.100,17042,35,1,2,13.7,14.7
0.100,17042,76,1,4,28.599999999999998,29.9
0.100,17042,76,2,5,29.9,30.2
0.100,17042,76,1,4,28.599999999999998,30.2
0.100,17042,76,1,4,28.599999999999998,29.9
0.100,17042,76,1,4,28.599999999999998,29.9
0.100,17042,76,2,5,29.9,30.2
0.100,17042,86,1,5,33.3,34.3
0.100,17042,35,1,2,13.7,14.7
0.100,17042,76,1,4,28.599999999999998,29.9
0.100,17042,93,1,1,35.3,36.3
0.100,17042,35,1,2,13.7,14.7
0.100,17042,35,1,2,13.7,14.7
0.100,17042,35,1,2,13.7,14.7
0.100,17042,86,1,5,33.3,34.3
0.100,17042,76,1,4,28.599999999999998,29.9
0.100,17042,35,1,2,13.7,14.7
0.100,17042,35,1,2,13.7,14.7
0.100,17042,93,1,1,35.3,36.3
0.100,17042,35,1,2,13.7,14.7
0.100,17042,86,1,5,33.3,34.3
0.100,17042,76,1,4,28.599999999999998,29.9
0.100,17042,35,1,2,13.7,14.7
0.100,17042,76,1,4,28.599999999999998,30.2
0.100,17042,257,1,7,82.7,83.7
0.100,17042,86,1,5,33.3,34.3
0.100,17042,76,1,4,28.599999999999998,29.9
0.100,17042,86,1,5,33.3,34.3
0.100,17042,76,1,4,28.599999999999998,30.2
0.100,17042,76,1,4,28.599999999999998,29.9
0.100,17042,76,1,4,28.599999999999998,29.9
0.100,17042,76,2,5,29.9,30.2
0.100,17042,76,1,4,28.599999999999998,30.2
0.100,17042,35,1,2,13.7,14.7
0.100,17042,35,1,2,13.7,14.7
0.100,17042,257,1,7,82.7,83.7
0.100,17042,86,1,5,33.3,34.3
0.100,17042,35,1,2,13.7,14.7
0.100,17042,86,1,5,33.3,34.3
0.100,17042,76,1,4,28.599999999999998,29.9
0.100,17042,30,1,1,10.7,11.7
0.100,17042,86,1,5,33.3,34.3
0.100,17042,76,1,4,28.599999999999998,29.9
0.100,17042,76,1,4,28.599999999999998,29.9
0.100,17042,76,1,4,28.599999999999998,30.2
0.100,17042,94,1,3,36.3,37.3
0.100,17042,35,1,2,13.7,14.7
0.100,17042,35,1,2,13.7,14.7
0.100,17042,76,1,4,28.599999999999998,30.2
0.100,17042,76,1,4,28.599999999999998,29.9
0.100,17042,35,1,2,13.7,14.7
0.100,17042,76,1,4,28.599999999999998,29.9
0.100,17042,86,1,5,33.3,34.3
0.100,17042,35,1,2,13.7,14.7
0.100,17042,76,1,4,28.599999999999998,30.2
0.100,17042,76,1,4,28.599999999999998,29.9
0.100,17042,35,1,2,13.7,14.7
0.100,17042,76,1,4,28.599999999999998,30.2
0.100,17042,86,1,5,33.3,34.3
0.100,17042,76,1,4,28.599999999999998,30.2
0.100,17042,76,1,4,28.599999999999998,29.9
0.100,17042,86,1,5,33.3,34.3
0.100,17042,35,1,2,13.7,14.7
0.100,17042,257,1,7,82.7,83.7
0.100,17042,76,1,4,28.599999999999998,29.9
0.100,17042,35,1,2,13.7,14.7
0.100,17042,35,1,2,13.7,14.7
0.100,17042,35,1,2,13.7,14.7
0.100,17042,35,1,2,13.7,14.7
0.100,17042,76,1,4,28.599999999999998,30.2
0.100,17042,35,1,2,13.7,14.7
0.100,17042,93,1,1,35.3,36.3
0.100,17042,86,1,5,33.3,34.3
0.100,17042,86,1,5,33.3,34.3
0.100,17042,177,1,1,54.699999999999996,55.699999999999996
0.100,17042,179,1,3,57.4,58.4
0.100,17042,76,1,4,28.599999999999998,29.9
0.100,17042,86,1,5,33.3,34.3
