Seed,Active Slot Coefficient,End Slot,Total Stake,Node Stake,Blocks Produced
9979,0.05,7200,1000,927,352
9888,0.05,7200,1000,375,154
9787,0.05,7200,1000,300,93
9694,0.05,7200,1000,440,164
9691,0.05,7200,1000,128,50
967,0.05,7200,1000,411,133
9660,0.05,7200,1000,997,356
9642,0.05,7200,1000,590,211
9623,0.05,7200,1000,351,139
9509,0.05,7200,1000,741,267
9473,0.05,7200,1000,37,16
947,0.05,7200,1000,787,268
9456,0.05,7200,1000,724,265
9432,0.05,7200,1000,604,205
9414,0.05,7200,1000,859,331
9413,0.05,7200,1000,469,182
9410,0.05,7200,1000,924,302
9402,0.05,7200,1000,93,38
937,0.05,7200,1000,827,301
935,0.05,7200,1000,916,329
9350,0.05,7200,1000,151,46
9140,0.05,7200,1000,630,205
913,0.05,7200,1000,356,135
9130,0.05,7200,1000,52,13
9124,0.05,7200,1000,525,192
9119,0.05,7200,1000,55,21
9099,0.05,7200,1000,866,325
9097,0.05,7200,1000,407,142
9033,0.05,7200,1000,772,271
9002,0.05,7200,1000,629,229
8994,0.05,7200,1000,240,90
8974,0.05,7200,1000,539,181
8964,0.05,7200,1000,216,69
8931,0.05,7200,1000,746,275
8904,0.05,7200,1000,674,266
8865,0.05,7200,1000,390,158
8849,0.05,7200,1000,798,277
8796,0.05,7200,1000,649,222
8763,0.05,7200,1000,41,12
8753,0.05,7200,1000,946,346
8736,0.05,7200,1000,135,59
8709,0.05,7200,1000,494,172
8703,0.05,7200,1000,383,130
87,0.05,7200,1000,907,350
8695,0.05,7200,1000,808,279
8633,0.05,7200,1000,518,200
8524,0.05,7200,1000,281,81
8445,0.05,7200,1000,644,217
8437,0.05,7200,1000,910,293
8422,0.05,7200,1000,773,262
8410,0.05,7200,1000,135,60
8404,0.05,7200,1000,438,143
8360,0.05,7200,1000,832,287
8330,0.05,7200,1000,383,143
83,0.05,7200,1000,673,274
8292,0.05,7200,1000,858,328
8288,0.05,7200,1000,461,177
8286,0.05,7200,1000,488,193
8242,0.05,7200,1000,235,99
8172,0.05,7200,1000,572,208
8150,0.05,7200,1000,347,131
8138,0.05,7200,1000,655,240
8103,0.05,7200,1000,662,251
8098,0.05,7200,1000,189,74
8091,0.05,7200,1000,135,49
8078,0.05,7200,1000,240,86
8056,0.05,7200,1000,947,361
8032,0.05,7200,1000,837,280
8023,0.05,7200,1000,680,244
8000,0.05,7200,1000,97,39
7974,0.05,7200,1000,281,107
7947,0.05,7200,1000,992,352
7923,0.05,7200,1000,44,14
7888,0.05,7200,1000,900,345
7844,0.05,7200,1000,628,234
7826,0.05,7200,1000,857,295
7806,0.05,7200,1000,453,200
7788,0.05,7200,1000,356,134
7756,0.05,7200,1000,880,331
7708,0.05,7200,1000,352,133
7693,0.05,7200,1000,141,51
7673,0.05,7200,1000,370,118
7652,0.05,7200,1000,430,151
7613,0.05,7200,1000,851,299
7457,0.05,7200,1000,971,331
7387,0.05,7200,1000,788,314
738,0.05,7200,1000,233,100
7377,0.05,7200,1000,202,66
7331,0.05,7200,1000,838,282
7328,0.05,7200,1000,390,146
7305,0.05,7200,1000,178,55
7272,0.05,7200,1000,339,121
7236,0.05,7200,1000,702,225
7202,0.05,7200,1000,856,327
7191,0.05,7200,1000,993,337
7132,0.05,7200,1000,947,326
7064,0.05,7200,1000,332,134
7044,0.05,7200,1000,573,214
7020,0.05,7200,1000,973,361
7019,0.05,7200,1000,469,190
6972,0.05,7200,1000,532,207
6960,0.05,7200,1000,748,268
6892,0.05,7200,1000,133,48
6889,0.05,7200,1000,837,318
6886,0.05,7200,1000,80,33
6882,0.05,7200,1000,814,259
686,0.05,7200,1000,441,167
6852,0.05,7200,1000,164,49
6807,0.05,7200,1000,807,305
6754,0.05,7200,1000,693,240
6753,0.05,7200,1000,784,298
6740,0.05,7200,1000,10,8
6648,0.05,7200,1000,374,126
6596,0.05,7200,1000,341,121
6577,0.05,7200,1000,167,75
656,0.05,7200,1000,747,261
6550,0.05,7200,1000,812,304
6517,0.05,7200,1000,655,230
6501,0.05,7200,1000,65,30
6470,0.05,7200,1000,559,195
6422,0.05,7200,1000,437,171
6418,0.05,7200,1000,763,271
6389,0.05,7200,1000,951,355
6379,0.05,7200,1000,904,334
6375,0.05,7200,1000,310,109
6306,0.05,7200,1000,123,43
6305,0.05,7200,1000,215,84
6283,0.05,7200,1000,295,122
6265,0.05,7200,1000,213,76
619,0.05,7200,1000,23,7
6096,0.05,7200,1000,249,81
6072,0.05,7200,1000,727,241
6037,0.05,7200,1000,435,137
5982,0.05,7200,1000,556,211
5927,0.05,7200,1000,118,53
5901,0.05,7200,1000,910,330
5755,0.05,7200,1000,630,241
5747,0.05,7200,1000,959,325
5728,0.05,7200,1000,755,247
5727,0.05,7200,1000,760,292
5715,0.05,7200,1000,739,259
5698,0.05,7200,1000,519,191
5664,0.05,7200,1000,785,332
5662,0.05,7200,1000,596,209
5659,0.05,7200,1000,414,174
5653,0.05,7200,1000,669,237
5564,0.05,7200,1000,629,213
549,0.05,7200,1000,315,111
544,0.05,7200,1000,482,200
5431,0.05,7200,1000,134,49
5346,0.05,7200,1000,884,333
5300,0.05,7200,1000,470,178
5284,0.05,7200,1000,306,116
527,0.05,7200,1000,118,37
5257,0.05,7200,1000,772,285
5256,0.05,7200,1000,332,126
5250,0.05,7200,1000,195,79
5200,0.05,7200,1000,153,49
5169,0.05,7200,1000,671,220
5146,0.05,7200,1000,447,135
5136,0.05,7200,1000,760,274
5132,0.05,7200,1000,697,251
5054,0.05,7200,1000,157,55
5018,0.05,7200,1000,158,62
5004,0.05,7200,1000,670,252
4982,0.05,7200,1000,734,261
4919,0.05,7200,1000,145,54
490,0.05,7200,1000,656,235
4893,0.05,7200,1000,174,60
4874,0.05,7200,1000,23,10
487,0.05,7200,1000,64,27
4847,0.05,7200,1000,214,56
4809,0.05,7200,1000,499,184
4807,0.05,7200,1000,611,224
4751,0.05,7200,1000,393,147
474,0.05,7200,1000,555,210
4721,0.05,7200,1000,855,282
4694,0.05,7200,1000,365,134
4670,0.05,7200,1000,454,177
4665,0.05,7200,1000,26,8
4589,0.05,7200,1000,360,132
4571,0.05,7200,1000,606,233
4557,0.05,7200,1000,7,1
4477,0.05,7200,1000,424,153
4424,0.05,7200,1000,9,4
4420,0.05,7200,1000,131,43
4395,0.05,7200,1000,736,279
4392,0.05,7200,1000,462,157
4289,0.05,7200,1000,801,283
426,0.05,7200,1000,564,199
4245,0.05,7200,1000,623,252
4226,0.05,7200,1000,716,273
4216,0.05,7200,1000,60,18
4186,0.05,7200,1000,535,197
4157,0.05,7200,1000,918,325
4130,0.05,7200,1000,569,220
4092,0.05,7200,1000,478,163
405,0.05,7200,1000,152,40
4031,0.05,7200,1000,640,232
3988,0.05,7200,1000,773,282
3894,0.05,7200,1000,22,8
3864,0.05,7200,1000,158,57
3857,0.05,7200,1000,8,3
383,0.05,7200,1000,475,165
3814,0.05,7200,1000,723,257
3798,0.05,7200,1000,965,335
3739,0.05,7200,1000,421,144
3617,0.05,7200,1000,816,278
354,0.05,7200,1000,407,134
3474,0.05,7200,1000,336,131
3384,0.05,7200,1000,389,124
3340,0.05,7200,1000,917,320
3335,0.05,7200,1000,948,321
3293,0.05,7200,1000,948,331
3285,0.05,7200,1000,461,177
3277,0.05,7200,1000,694,270
3274,0.05,7200,1000,379,159
32737,0.05,7200,1000,81,29
32674,0.05,7200,1000,834,311
32672,0.05,7200,1000,350,123
32659,0.05,7200,1000,469,169
3261,0.05,7200,1000,932,304
32608,0.05,7200,1000,132,59
32558,0.05,7200,1000,801,277
32527,0.05,7200,1000,266,91
32506,0.05,7200,1000,163,59
32488,0.05,7200,1000,663,235
32462,0.05,7200,1000,234,89
3244,0.05,7200,1000,216,76
32427,0.05,7200,1000,284,103
32384,0.05,7200,1000,53,17
32378,0.05,7200,1000,698,248
32376,0.05,7200,1000,647,228
32355,0.05,7200,1000,967,358
32320,0.05,7200,1000,191,74
32311,0.05,7200,1000,299,95
32309,0.05,7200,1000,110,37
32294,0.05,7200,1000,857,312
32276,0.05,7200,1000,21,10
32226,0.05,7200,1000,559,188
32204,0.05,7200,1000,328,108
32198,0.05,7200,1000,566,238
3218,0.05,7200,1000,487,189
3216,0.05,7200,1000,88,27
32135,0.05,7200,1000,191,53
32076,0.05,7200,1000,742,313
32067,0.05,7200,1000,678,230
32004,0.05,7200,1000,457,176
31958,0.05,7200,1000,936,332
31924,0.05,7200,1000,27,6
31921,0.05,7200,1000,451,152
31906,0.05,7200,1000,649,223
31872,0.05,7200,1000,352,126
31842,0.05,7200,1000,34,10
31821,0.05,7200,1000,722,251
31814,0.05,7200,1000,127,56
31755,0.05,7200,1000,650,251
31730,0.05,7200,1000,170,55
31704,0.05,7200,1000,798,291
31696,0.05,7200,1000,193,72
31677,0.05,7200,1000,658,222
31673,0.05,7200,1000,548,215
31651,0.05,7200,1000,868,307
31635,0.05,7200,1000,28,8
31631,0.05,7200,1000,313,132
31607,0.05,7200,1000,572,217
31520,0.05,7200,1000,227,89
31479,0.05,7200,1000,359,100
31464,0.05,7200,1000,875,291
31463,0.05,7200,1000,4,2
31441,0.05,7200,1000,655,208
31436,0.05,7200,1000,928,329
31426,0.05,7200,1000,65,18
31267,0.05,7200,1000,992,304
31266,0.05,7200,1000,834,305
31247,0.05,7200,1000,926,331
31172,0.05,7200,1000,898,359
31142,0.05,7200,1000,828,308
31091,0.05,7200,1000,28,9
31051,0.05,7200,1000,672,260
31046,0.05,7200,1000,503,165
3104,0.05,7200,1000,650,253
30962,0.05,7200,1000,10,4
30933,0.05,7200,1000,861,312
30896,0.05,7200,1000,133,39
30877,0.05,7200,1000,580,205
30872,0.05,7200,1000,772,256
30853,0.05,7200,1000,494,199
30848,0.05,7200,1000,296,117
30846,0.05,7200,1000,138,41
30840,0.05,7200,1000,331,111
30839,0.05,7200,1000,15,6
30750,0.05,7200,1000,413,132
30701,0.05,7200,1000,318,119
30700,0.05,7200,1000,156,58
30698,0.05,7200,1000,840,291
30682,0.05,7200,1000,985,329
30681,0.05,7200,1000,699,269
30663,0.05,7200,1000,306,122
30649,0.05,7200,1000,373,129
30633,0.05,7200,1000,904,309
30597,0.05,7200,1000,641,232
30565,0.05,7200,1000,509,186
30524,0.05,7200,1000,656,223
30486,0.05,7200,1000,794,317
30475,0.05,7200,1000,643,239
30444,0.05,7200,1000,789,295
30425,0.05,7200,1000,231,85
30416,0.05,7200,1000,335,121
30384,0.05,7200,1000,286,102
3035,0.05,7200,1000,467,179
30346,0.05,7200,1000,416,149
30319,0.05,7200,1000,222,91
30318,0.05,7200,1000,324,118
30195,0.05,7200,1000,256,92
30162,0.05,7200,1000,345,110
30152,0.05,7200,1000,885,351
30119,0.05,7200,1000,313,105
30115,0.05,7200,1000,314,109
30105,0.05,7200,1000,847,324
30096,0.05,7200,1000,771,277
30095,0.05,7200,1000,260,103
30075,0.05,7200,1000,852,361
30061,0.05,7200,1000,452,162
30050,0.05,7200,1000,289,132
29971,0.05,7200,1000,784,285
29956,0.05,7200,1000,985,358
29917,0.05,7200,1000,207,71
29866,0.05,7200,1000,442,160
29861,0.05,7200,1000,542,183
2978,0.05,7200,1000,751,282
2977,0.05,7200,1000,778,264
2970,0.05,7200,1000,916,325
29681,0.05,7200,1000,410,129
29662,0.05,7200,1000,286,99
29644,0.05,7200,1000,283,102
29625,0.05,7200,1000,719,266
2960,0.05,7200,1000,241,86
29574,0.05,7200,1000,814,295
29550,0.05,7200,1000,887,310
2951,0.05,7200,1000,614,231
29502,0.05,7200,1000,3,0
29482,0.05,7200,1000,643,239
2947,0.05,7200,1000,494,176
29453,0.05,7200,1000,846,307
2944,0.05,7200,1000,994,344
2943,0.05,7200,1000,774,287
29423,0.05,7200,1000,364,117
29397,0.05,7200,1000,923,310
29324,0.05,7200,1000,978,334
29187,0.05,7200,1000,117,40
29169,0.05,7200,1000,255,110
2916,0.05,7200,1000,53,16
2904,0.05,7200,1000,217,74
29023,0.05,7200,1000,759,281
29002,0.05,7200,1000,388,154
28997,0.05,7200,1000,643,234
28912,0.05,7200,1000,129,42
28895,0.05,7200,1000,411,144
28874,0.05,7200,1000,485,181
28825,0.05,7200,1000,682,245
28791,0.05,7200,1000,366,133
28764,0.05,7200,1000,75,31
28719,0.05,7200,1000,354,127
28647,0.05,7200,1000,219,89
28638,0.05,7200,1000,507,196
28561,0.05,7200,1000,578,204
28543,0.05,7200,1000,994,360
28531,0.05,7200,1000,545,205
28509,0.05,7200,1000,19,8
28470,0.05,7200,1000,654,213
28455,0.05,7200,1000,128,46
28407,0.05,7200,1000,93,33
28390,0.05,7200,1000,314,117
28334,0.05,7200,1000,312,115
28327,0.05,7200,1000,294,112
28318,0.05,7200,1000,408,169
28300,0.05,7200,1000,322,120
28288,0.05,7200,1000,644,246
28225,0.05,7200,1000,522,199
28183,0.05,7200,1000,800,290
28175,0.05,7200,1000,574,218
28174,0.05,7200,1000,519,186
28079,0.05,7200,1000,342,132
28038,0.05,7200,1000,163,70
27994,0.05,7200,1000,469,170
27988,0.05,7200,1000,556,189
27970,0.05,7200,1000,582,218
27958,0.05,7200,1000,342,113
27953,0.05,7200,1000,784,297
27952,0.05,7200,1000,290,100
27906,0.05,7200,1000,595,205
27899,0.05,7200,1000,722,277
2789,0.05,7200,1000,818,289
27885,0.05,7200,1000,931,368
27865,0.05,7200,1000,749,253
27825,0.05,7200,1000,429,160
27789,0.05,7200,1000,715,240
27685,0.05,7200,1000,194,70
27595,0.05,7200,1000,987,350
27526,0.05,7200,1000,275,85
27515,0.05,7200,1000,577,206
27475,0.05,7200,1000,121,26
27473,0.05,7200,1000,638,219
27415,0.05,7200,1000,181,74
27382,0.05,7200,1000,450,168
27374,0.05,7200,1000,495,176
27371,0.05,7200,1000,669,244
27368,0.05,7200,1000,220,94
27342,0.05,7200,1000,479,164
27339,0.05,7200,1000,1,1
27311,0.05,7200,1000,549,174
27273,0.05,7200,1000,505,204
27254,0.05,7200,1000,719,239
27240,0.05,7200,1000,942,373
27225,0.05,7200,1000,968,335
27215,0.05,7200,1000,140,47
27188,0.05,7200,1000,301,99
2717,0.05,7200,1000,681,241
27159,0.05,7200,1000,501,177
2715,0.05,7200,1000,110,46
27144,0.05,7200,1000,160,67
27094,0.05,7200,1000,819,305
2707,0.05,7200,1000,502,183
27070,0.05,7200,1000,804,255
27067,0.05,7200,1000,967,337
27029,0.05,7200,1000,196,74
27027,0.05,7200,1000,983,358
26971,0.05,7200,1000,348,109
26899,0.05,7200,1000,792,293
26896,0.05,7200,1000,754,269
26888,0.05,7200,1000,701,232
26797,0.05,7200,1000,6,1
2679,0.05,7200,1000,308,92
26768,0.05,7200,1000,417,165
26737,0.05,7200,1000,940,337
26704,0.05,7200,1000,165,55
26681,0.05,7200,1000,345,112
26664,0.05,7200,1000,454,162
26658,0.05,7200,1000,812,303
26607,0.05,7200,1000,566,196
26578,0.05,7200,1000,593,216
26575,0.05,7200,1000,799,297
26574,0.05,7200,1000,58,23
26541,0.05,7200,1000,582,194
26416,0.05,7200,1000,449,181
26376,0.05,7200,1000,504,197
2636,0.05,7200,1000,844,321
2634,0.05,7200,1000,875,328
26309,0.05,7200,1000,5,2
26290,0.05,7200,1000,195,58
26247,0.05,7200,1000,216,68
26224,0.05,7200,1000,73,22
26191,0.05,7200,1000,224,79
26153,0.05,7200,1000,528,183
26144,0.05,7200,1000,949,321
26128,0.05,7200,1000,592,209
26086,0.05,7200,1000,741,312
26054,0.05,7200,1000,961,316
26031,0.05,7200,1000,852,263
26019,0.05,7200,1000,697,222
25988,0.05,7200,1000,709,260
25907,0.05,7200,1000,951,327
25852,0.05,7200,1000,439,178
2581,0.05,7200,1000,822,272
25774,0.05,7200,1000,227,91
25694,0.05,7200,1000,120,39
25685,0.05,7200,1000,155,42
25657,0.05,7200,1000,805,282
25587,0.05,7200,1000,568,187
25586,0.05,7200,1000,950,375
25559,0.05,7200,1000,443,154
2554,0.05,7200,1000,934,352
25539,0.05,7200,1000,40,14
25452,0.05,7200,1000,764,278
25389,0.05,7200,1000,226,85
25374,0.05,7200,1000,585,207
25328,0.05,7200,1000,892,364
25282,0.05,7200,1000,379,150
2526,0.05,7200,1000,550,173
25209,0.05,7200,1000,817,282
25205,0.05,7200,1000,268,96
25170,0.05,7200,1000,996,364
25100,0.05,7200,1000,63,31
25053,0.05,7200,1000,126,71
25040,0.05,7200,1000,211,78
25023,0.05,7200,1000,929,321
25006,0.05,7200,1000,199,71
24999,0.05,7200,1000,148,73
24938,0.05,7200,1000,946,355
24896,0.05,7200,1000,403,134
24876,0.05,7200,1000,916,312
24819,0.05,7200,1000,147,51
24783,0.05,7200,1000,56,18
24762,0.05,7200,1000,659,241
24738,0.05,7200,1000,562,210
24676,0.05,7200,1000,111,47
24675,0.05,7200,1000,408,162
24649,0.05,7200,1000,317,118
24631,0.05,7200,1000,324,123
24585,0.05,7200,1000,657,236
24546,0.05,7200,1000,82,30
24507,0.05,7200,1000,937,345
24366,0.05,7200,1000,986,360
24363,0.05,7200,1000,474,198
24344,0.05,7200,1000,366,135
24306,0.05,7200,1000,664,219
24241,0.05,7200,1000,768,279
24159,0.05,7200,1000,431,155
24136,0.05,7200,1000,308,122
24079,0.05,7200,1000,339,112
24042,0.05,7200,1000,909,343
24038,0.05,7200,1000,259,100
24036,0.05,7200,1000,280,102
24035,0.05,7200,1000,444,188
24025,0.05,7200,1000,367,149
23980,0.05,7200,1000,65,28
23966,0.05,7200,1000,411,160
23956,0.05,7200,1000,727,286
23906,0.05,7200,1000,17,4
23899,0.05,7200,1000,32,13
23839,0.05,7200,1000,562,201
23830,0.05,7200,1000,506,172
23828,0.05,7200,1000,761,280
23826,0.05,7200,1000,603,208
23806,0.05,7200,1000,908,334
23782,0.05,7200,1000,914,313
23780,0.05,7200,1000,673,244
23757,0.05,7200,1000,102,37
23735,0.05,7200,1000,811,299
23628,0.05,7200,1000,220,76
23587,0.05,7200,1000,991,366
23586,0.05,7200,1000,968,353
23512,0.05,7200,1000,105,27
2349,0.05,7200,1000,731,255
23456,0.05,7200,1000,36,17
23430,0.05,7200,1000,1000,344
23426,0.05,7200,1000,112,51
23401,0.05,7200,1000,931,330
23398,0.05,7200,1000,91,38
23395,0.05,7200,1000,517,197
23391,0.05,7200,1000,320,110
23389,0.05,7200,1000,77,26
23376,0.05,7200,1000,508,163
23334,0.05,7200,1000,966,354
23319,0.05,7200,1000,81,26
23272,0.05,7200,1000,17,6
23223,0.05,7200,1000,731,254
23185,0.05,7200,1000,723,249
23021,0.05,7200,1000,919,322
23006,0.05,7200,1000,501,173
22953,0.05,7200,1000,428,156
2290,0.05,7200,1000,727,229
22883,0.05,7200,1000,169,68
22874,0.05,7200,1000,417,181
22847,0.05,7200,1000,567,215
22806,0.05,7200,1000,726,279
22727,0.05,7200,1000,69,25
22690,0.05,7200,1000,919,309
22566,0.05,7200,1000,767,268
22536,0.05,7200,1000,922,315
22527,0.05,7200,1000,392,151
22521,0.05,7200,1000,403,158
22472,0.05,7200,1000,26,8
2244,0.05,7200,1000,807,286
22385,0.05,7200,1000,646,199
22371,0.05,7200,1000,227,79
22243,0.05,7200,1000,2,2
22239,0.05,7200,1000,872,308
22224,0.05,7200,1000,87,39
22205,0.05,7200,1000,690,250
22178,0.05,7200,1000,101,42
22166,0.05,7200,1000,979,364
22108,0.05,7200,1000,826,275
22074,0.05,7200,1000,208,70
22026,0.05,7200,1000,555,215
22022,0.05,7200,1000,907,326
21953,0.05,7200,1000,104,32
21949,0.05,7200,1000,323,125
21887,0.05,7200,1000,60,22
21882,0.05,7200,1000,488,178
21865,0.05,7200,1000,444,166
21858,0.05,7200,1000,899,321
21819,0.05,7200,1000,794,293
21754,0.05,7200,1000,799,307
21746,0.05,7200,1000,486,179
21731,0.05,7200,1000,961,359
21722,0.05,7200,1000,151,48
21720,0.05,7200,1000,146,47
21677,0.05,7200,1000,766,284
21672,0.05,7200,1000,237,91
21641,0.05,7200,1000,626,218
2161,0.05,7200,1000,729,288
21576,0.05,7200,1000,533,214
21558,0.05,7200,1000,594,198
21497,0.05,7200,1000,510,185
21493,0.05,7200,1000,367,124
21463,0.05,7200,1000,958,354
21432,0.05,7200,1000,507,202
21425,0.05,7200,1000,998,321
21416,0.05,7200,1000,16,7
21382,0.05,7200,1000,638,209
21317,0.05,7200,1000,399,171
21313,0.05,7200,1000,962,379
21239,0.05,7200,1000,96,28
21205,0.05,7200,1000,287,109
21200,0.05,7200,1000,76,29
21196,0.05,7200,1000,842,313
21187,0.05,7200,1000,470,148
21174,0.05,7200,1000,419,168
21167,0.05,7200,1000,42,11
21135,0.05,7200,1000,573,200
21103,0.05,7200,1000,147,72
21100,0.05,7200,1000,11,6
21083,0.05,7200,1000,36,11
21078,0.05,7200,1000,513,175
21055,0.05,7200,1000,919,346
21012,0.05,7200,1000,474,182
21002,0.05,7200,1000,425,167
20955,0.05,7200,1000,186,71
20908,0.05,7200,1000,431,157
20884,0.05,7200,1000,243,70
20828,0.05,7200,1000,786,279
20825,0.05,7200,1000,295,103
20779,0.05,7200,1000,847,292
20763,0.05,7200,1000,821,290
20728,0.05,7200,1000,339,118
2072,0.05,7200,1000,228,94
20719,0.05,7200,1000,367,121
20701,0.05,7200,1000,328,126
20641,0.05,7200,1000,277,105
206,0.05,7200,1000,316,106
20535,0.05,7200,1000,344,140
20530,0.05,7200,1000,888,325
20521,0.05,7200,1000,137,47
20487,0.05,7200,1000,833,289
20426,0.05,7200,1000,39,7
20361,0.05,7200,1000,748,258
20332,0.05,7200,1000,658,234
20330,0.05,7200,1000,721,276
20318,0.05,7200,1000,197,70
20316,0.05,7200,1000,82,28
2031,0.05,7200,1000,992,374
20219,0.05,7200,1000,790,290
20215,0.05,7200,1000,344,119
20189,0.05,7200,1000,962,359
20182,0.05,7200,1000,677,238
2016,0.05,7200,1000,846,302
20024,0.05,7200,1000,310,113
2002,0.05,7200,1000,391,134
19988,0.05,7200,1000,139,57
19902,0.05,7200,1000,499,196
19815,0.05,7200,1000,926,330
19783,0.05,7200,1000,656,232
19677,0.05,7200,1000,798,288
19664,0.05,7200,1000,206,68
19639,0.05,7200,1000,501,211
196,0.05,7200,1000,443,175
19578,0.05,7200,1000,643,210
19511,0.05,7200,1000,741,272
19501,0.05,7200,1000,24,9
19433,0.05,7200,1000,27,17
1943,0.05,7200,1000,487,160
19266,0.05,7200,1000,29,7
19246,0.05,7200,1000,760,287
192,0.05,7200,1000,699,270
19187,0.05,7200,1000,833,296
19166,0.05,7200,1000,543,185
19149,0.05,7200,1000,651,249
19116,0.05,7200,1000,510,167
19073,0.05,7200,1000,818,299
19071,0.05,7200,1000,150,74
19047,0.05,7200,1000,246,73
19019,0.05,7200,1000,859,305
18991,0.05,7200,1000,722,270
1898,0.05,7200,1000,877,281
18976,0.05,7200,1000,994,357
18961,0.05,7200,1000,956,330
18940,0.05,7200,1000,641,231
18928,0.05,7200,1000,151,53
18719,0.05,7200,1000,652,249
18716,0.05,7200,1000,498,172
18706,0.05,7200,1000,452,174
18678,0.05,7200,1000,631,235
18643,0.05,7200,1000,477,161
18636,0.05,7200,1000,490,165
18620,0.05,7200,1000,203,74
18611,0.05,7200,1000,769,274
18549,0.05,7200,1000,848,272
18518,0.05,7200,1000,208,76
18452,0.05,7200,1000,82,30
18382,0.05,7200,1000,934,299
18346,0.05,7200,1000,136,41
18343,0.05,7200,1000,76,31
18290,0.05,7200,1000,800,279
18237,0.05,7200,1000,692,269
18214,0.05,7200,1000,712,281
18200,0.05,7200,1000,940,338
18198,0.05,7200,1000,742,253
18167,0.05,7200,1000,698,242
18163,0.05,7200,1000,994,365
18159,0.05,7200,1000,685,246
18119,0.05,7200,1000,832,312
18114,0.05,7200,1000,318,113
18110,0.05,7200,1000,326,131
18068,0.05,7200,1000,304,115
18043,0.05,7200,1000,239,92
17981,0.05,7200,1000,598,208
17975,0.05,7200,1000,457,158
17971,0.05,7200,1000,91,30
17921,0.05,7200,1000,290,109
17906,0.05,7200,1000,188,82
17878,0.05,7200,1000,858,286
17846,0.05,7200,1000,293,120
17835,0.05,7200,1000,16,2
17827,0.05,7200,1000,694,258
17822,0.05,7200,1000,122,34
17639,0.05,7200,1000,621,218
17625,0.05,7200,1000,808,300
17616,0.05,7200,1000,459,169
17591,0.05,7200,1000,118,38
17562,0.05,7200,1000,2,2
1755,0.05,7200,1000,140,49
17540,0.05,7200,1000,504,197
17499,0.05,7200,1000,884,320
17483,0.05,7200,1000,479,158
17463,0.05,7200,1000,339,112
17429,0.05,7200,1000,558,230
17421,0.05,7200,1000,538,202
17418,0.05,7200,1000,114,42
17391,0.05,7200,1000,124,51
17361,0.05,7200,1000,476,189
17358,0.05,7200,1000,427,145
17345,0.05,7200,1000,792,285
17302,0.05,7200,1000,348,139
17262,0.05,7200,1000,274,88
17235,0.05,7200,1000,294,90
17234,0.05,7200,1000,878,287
1723,0.05,7200,1000,23,9
17171,0.05,7200,1000,224,71
17103,0.05,7200,1000,847,299
17100,0.05,7200,1000,49,17
17096,0.05,7200,1000,268,90
17080,0.05,7200,1000,331,114
17070,0.05,7200,1000,641,226
17069,0.05,7200,1000,980,351
17034,0.05,7200,1000,523,204
17018,0.05,7200,1000,736,254
1698,0.05,7200,1000,233,90
16847,0.05,7200,1000,637,243
16806,0.05,7200,1000,261,95
16799,0.05,7200,1000,351,144
16741,0.05,7200,1000,356,145
16714,0.05,7200,1000,226,75
16672,0.05,7200,1000,313,134
16646,0.05,7200,1000,333,127
16626,0.05,7200,1000,587,219
16613,0.05,7200,1000,312,106
1658,0.05,7200,1000,491,173
16561,0.05,7200,1000,739,271
16558,0.05,7200,1000,839,294
16548,0.05,7200,1000,288,117
16529,0.05,7200,1000,564,202
16412,0.05,7200,1000,730,262
16346,0.05,7200,1000,869,302
16334,0.05,7200,1000,535,204
16305,0.05,7200,1000,257,79
16287,0.05,7200,1000,896,322
16272,0.05,7200,1000,908,295
1624,0.05,7200,1000,281,100
16220,0.05,7200,1000,987,377
16209,0.05,7200,1000,465,186
16203,0.05,7200,1000,724,281
16185,0.05,7200,1000,80,36
16161,0.05,7200,1000,426,155
1616,0.05,7200,1000,915,316
16142,0.05,7200,1000,781,264
16134,0.05,7200,1000,780,272
1612,0.05,7200,1000,464,168
16088,0.05,7200,1000,225,80
16084,0.05,7200,1000,965,359
16075,0.05,7200,1000,647,216
16069,0.05,7200,1000,453,183
16051,0.05,7200,1000,376,152
16049,0.05,7200,1000,122,54
15961,0.05,7200,1000,769,284
15954,0.05,7200,1000,314,109
15886,0.05,7200,1000,909,314
15852,0.05,7200,1000,15,3
15834,0.05,7200,1000,812,302
15773,0.05,7200,1000,501,194
15745,0.05,7200,1000,361,140
15648,0.05,7200,1000,281,108
15643,0.05,7200,1000,34,10
15573,0.05,7200,1000,816,307
15508,0.05,7200,1000,1000,394
15501,0.05,7200,1000,494,178
15440,0.05,7200,1000,270,96
15426,0.05,7200,1000,255,100
1541,0.05,7200,1000,935,343
1539,0.05,7200,1000,562,184
15373,0.05,7200,1000,591,203
15364,0.05,7200,1000,480,188
15354,0.05,7200,1000,36,16
1532,0.05,7200,1000,388,140
15292,0.05,7200,1000,331,130
15176,0.05,7200,1000,537,212
1510,0.05,7200,1000,710,244
15094,0.05,7200,1000,70,32
15040,0.05,7200,1000,702,258
14971,0.05,7200,1000,320,101
14964,0.05,7200,1000,636,235
14940,0.05,7200,1000,545,226
14927,0.05,7200,1000,146,67
14914,0.05,7200,1000,2,0
14888,0.05,7200,1000,256,64
14858,0.05,7200,1000,605,203
14761,0.05,7200,1000,350,126
14756,0.05,7200,1000,470,159
14674,0.05,7200,1000,260,104
14671,0.05,7200,1000,71,31
14659,0.05,7200,1000,312,101
14628,0.05,7200,1000,40,10
14595,0.05,7200,1000,284,109
1457,0.05,7200,1000,49,15
14546,0.05,7200,1000,943,319
14530,0.05,7200,1000,249,93
14491,0.05,7200,1000,826,276
1441,0.05,7200,1000,439,148
14410,0.05,7200,1000,162,61
14401,0.05,7200,1000,129,43
14385,0.05,7200,1000,950,339
14381,0.05,7200,1000,710,267
14241,0.05,7200,1000,202,74
14231,0.05,7200,1000,394,161
14134,0.05,7200,1000,364,132
14133,0.05,7200,1000,447,150
14120,0.05,7200,1000,811,275
14096,0.05,7200,1000,701,275
14086,0.05,7200,1000,234,97
14083,0.05,7200,1000,375,130
14078,0.05,7200,1000,311,127
14050,0.05,7200,1000,872,304
13961,0.05,7200,1000,946,312
13938,0.05,7200,1000,804,308
13936,0.05,7200,1000,100,37
13903,0.05,7200,1000,529,197
13892,0.05,7200,1000,890,307
13838,0.05,7200,1000,704,288
13795,0.05,7200,1000,377,130
13756,0.05,7200,1000,872,296
13727,0.05,7200,1000,806,321
13725,0.05,7200,1000,275,101
13721,0.05,7200,1000,898,332
13675,0.05,7200,1000,329,120
13672,0.05,7200,1000,161,62
13588,0.05,7200,1000,404,136
13574,0.05,7200,1000,456,149
13572,0.05,7200,1000,573,216
13539,0.05,7200,1000,605,217
13410,0.05,7200,1000,574,206
1338,0.05,7200,1000,288,123
13378,0.05,7200,1000,3,2
13357,0.05,7200,1000,621,220
13345,0.05,7200,1000,384,133
13328,0.05,7200,1000,918,318
13322,0.05,7200,1000,312,121
13274,0.05,7200,1000,595,221
13273,0.05,7200,1000,475,179
13258,0.05,7200,1000,219,73
13246,0.05,7200,1000,885,307
13223,0.05,7200,1000,196,68
13115,0.05,7200,1000,77,31
13073,0.05,7200,1000,283,96
13060,0.05,7200,1000,65,19
13046,0.05,7200,1000,785,277
13027,0.05,7200,1000,970,340
13024,0.05,7200,1000,760,290
12937,0.05,7200,1000,561,228
12890,0.05,7200,1000,238,81
12873,0.05,7200,1000,259,93
12867,0.05,7200,1000,447,161
12860,0.05,7200,1000,388,152
12854,0.05,7200,1000,748,267
12846,0.05,7200,1000,301,88
12814,0.05,7200,1000,721,264
12778,0.05,7200,1000,81,23
12694,0.05,7200,1000,262,101
12690,0.05,7200,1000,687,242
1267,0.05,7200,1000,658,217
12656,0.05,7200,1000,756,278
12651,0.05,7200,1000,626,214
12613,0.05,7200,1000,6,3
126,0.05,7200,1000,744,256
12573,0.05,7200,1000,969,378
12550,0.05,7200,1000,321,113
12522,0.05,7200,1000,707,248
12512,0.05,7200,1000,713,243
12480,0.05,7200,1000,968,344
1240,0.05,7200,1000,1000,376
1238,0.05,7200,1000,213,80
12370,0.05,7200,1000,54,17
12336,0.05,7200,1000,973,320
12331,0.05,7200,1000,38,12
12324,0.05,7200,1000,949,331
12320,0.05,7200,1000,249,100
12309,0.05,7200,1000,310,136
12261,0.05,7200,1000,662,223
12241,0.05,7200,1000,617,239
12175,0.05,7200,1000,910,347
12153,0.05,7200,1000,822,310
12136,0.05,7200,1000,158,57
12130,0.05,7200,1000,498,162
12080,0.05,7200,1000,731,245
12026,0.05,7200,1000,414,141
1197,0.05,7200,1000,618,231
11968,0.05,7200,1000,667,228
11966,0.05,7200,1000,22,9
11962,0.05,7200,1000,775,311
1190,0.05,7200,1000,595,212
11870,0.05,7200,1000,290,105
11866,0.05,7200,1000,999,347
11823,0.05,7200,1000,299,114
11766,0.05,7200,1000,914,311
11731,0.05,7200,1000,83,23
11727,0.05,7200,1000,180,80
11726,0.05,7200,1000,199,63
11694,0.05,7200,1000,854,316
11693,0.05,7200,1000,596,221
11691,0.05,7200,1000,95,37
11664,0.05,7200,1000,456,152
11629,0.05,7200,1000,926,367
11619,0.05,7200,1000,160,60
11612,0.05,7200,1000,999,333
11553,0.05,7200,1000,391,132
11552,0.05,7200,1000,173,65
11548,0.05,7200,1000,720,276
11544,0.05,7200,1000,673,248
11508,0.05,7200,1000,189,61
11476,0.05,7200,1000,693,235
11422,0.05,7200,1000,101,32
11401,0.05,7200,1000,890,304
11398,0.05,7200,1000,388,141
11393,0.05,7200,1000,678,278
11368,0.05,7200,1000,734,265
1133,0.05,7200,1000,969,358
11320,0.05,7200,1000,345,145
11290,0.05,7200,1000,915,334
11190,0.05,7200,1000,873,321
11146,0.05,7200,1000,817,310
11107,0.05,7200,1000,340,135
11082,0.05,7200,1000,902,335
11065,0.05,7200,1000,802,285
11,0.05,7200,1000,550,205
10924,0.05,7200,1000,67,27
10893,0.05,7200,1000,166,61
10840,0.05,7200,1000,775,290
10759,0.05,7200,1000,776,286
10706,0.05,7200,1000,948,343
10646,0.05,7200,1000,246,87
10621,0.05,7200,1000,108,34
10594,0.05,7200,1000,184,59
10586,0.05,7200,1000,872,303
10564,0.05,7200,1000,658,218
10558,0.05,7200,1000,856,283
10548,0.05,7200,1000,215,79
10542,0.05,7200,1000,94,36
1054,0.05,7200,1000,830,278
10536,0.05,7200,1000,545,219
10517,0.05,7200,1000,896,334
10427,0.05,7200,1000,944,326
1040,0.05,7200,1000,583,190
10364,0.05,7200,1000,240,89
10328,0.05,7200,1000,476,175
1027,0.05,7200,1000,265,96
10244,0.05,7200,1000,804,302
10222,0.05,7200,1000,971,383
10172,0.05,7200,1000,177,63
10163,0.05,7200,1000,495,162
10157,0.05,7200,1000,144,57
10154,0.05,7200,1000,661,223
10151,0.05,7200,1000,513,204
1008,0.05,7200,1000,472,193
10076,0.05,7200,1000,489,158
1006,0.05,7200,1000,879,331
10046,0.05,7200,1000,849,289
10018,0.05,7200,1000,743,254
10009,0.05,7200,1000,103,40
